RANK,Name,TEAM,POS,SALARY,YEARS,TOTAL VALUE,AVG ANNUAL,WAR,Innings Pitched
1,Max Scherzer,WSH,SP,42142857.00,7 (2015-21),"$210,000,000 ","$30,000,000 ",6.6,172.1
2,Stephen Strasburg,WSH,SP,36428571.00,7 (2017-23),"$175,000,000 ","$25,000,000 ",5.9,209
3,Mike Trout,LAA,CF,34083333.00,6 (2015-20),"$144,500,000 ","$24,083,333 ",8.6,0
4,Zack Greinke,ARI,SP,32421884.00,6 (2016-21),"$206,500,000 ","$34,416,667 ",6.4,208.2
5,David Price,BOS,SP,31000000.00,7 (2016-22),"$217,000,000 ","$31,000,000 ",2.3,107.1
5,Clayton Kershaw,LAD,SP,31000000.00,3 (2019-21),"$93,000,000 ","$31,000,000 ",3.2,178.1
7,Miguel Cabrera,DET,DH,30000000.00,10 (2014-23),"$292,000,000 ","$29,200,000 ",-0.3,0
8,Yoenis Cespedes,NYM,OF,29000000.00,4 (2017-20),"$110,000,000 ","$27,500,000 ",,0
9,Justin Verlander,HOU,SP,28000000.00,7 (2013-19),"$180,000,000 ","$25,714,286 ",6.4,223
9,Albert Pujols,LAA,DH,28000000.00,10 (2012-21),"$240,000,000 ","$24,000,000 ",-0.4,0
11,Felix Hernandez,SEA,SP,27857143.00,7 (2013-19),"$175,000,000 ","$25,000,000 ",-0.1,71.2
12,Jon Lester,CHC,SP,27500000.00,6 (2015-20),"$155,000,000 ","$25,833,333 ",3.2,171.2
13,Nolan Arenado,COL,3B,26000000.00,1 (2019),"$26,000,000 ","$26,000,000 ",5.9,0
13,Giancarlo Stanton,NYY,RF,26000000.00,13 (2015-27),"$325,000,000 ","$25,000,000 ",0.4,0
15,Jake Arrieta,PHI,SP,25000000.00,3 (2018-20),"$75,000,000 ","$25,000,000 ",1.1,135.2
15,Joey Votto,CIN,1B,25000000.00,10 (2014-23),"$225,000,000 ","$22,500,000 ",0.7,0
15,Jordan Zimmermann,DET,SP,25000000.00,5 (2016-20),"$110,000,000 ","$22,000,000 ",1.3,112
18,Robinson Cano,NYM,2B,24000000.00,10 (2014-23),"$240,000,000 ","$24,000,000 ",0.8,0
19,J.D. Martinez,BOS,OF,23750000.00,5 (2018-22),"$110,000,000 ","$22,000,000 ",3.2,0
20,Edwin Encarnacion,SEA,1B,23333333.00,3 (2017-19),"$60,000,000 ","$20,000,000 ",2.5,0
21,Josh Donaldson,ATL,3B,23000000.00,1 (2019),"$23,000,000 ","$23,000,000 ",4.9,0
22,Johnny Cueto,SF,SP,22666666.00,6 (2016-21),"$130,000,000 ","$21,666,667 ",0,16
23,Buster Posey,SF,C,22511111.00,9 (2013-21),"$167,000,000 ","$18,555,556 ",1.8,0
24,Masahiro Tanaka,NYY,SP,22000000.00,7 (2014-20),"$155,000,000 ","$22,142,857 ",3.3,182
25,Jacoby Ellsbury,NYY,OF,21857142.00,7 (2014-20),"$153,000,000 ","$21,857,143 ",,0
26,Eric Hosmer,SD,1B,21625000.00,8 (2018-25),"$144,000,000 ","$18,000,000 ",-0.4,0
27,Charlie Blackmon,COL,CF,21516666.00,6 (2018-23),"$108,000,000 ","$18,000,000 ",2,0
28,Matt Kemp,CIN,OF,21500000.00,8 (2012-19),"$160,000,000 ","$20,000,000 ",-0.8,0
29,Freddie Freeman,ATL,1B,21359375.00,8 (2014-21),"$135,000,000 ","$16,875,000 ",4,0
30,Rick Porcello,BOS,SP,21125000.00,4 (2016-19),"$82,500,000 ","$20,625,000 ",1.7,174.1
31,Chris Davis,BAL,1B,21116517.00,7 (2016-22),"$161,000,000 ","$23,000,000 ",-1.3,1
32,Alex Gordon,KC,LF,21000000.00,4 (2016-19),"$72,000,000 ","$18,000,000 ",1.2,2.1
32,Shin-Soo Choo,TEX,DH,21000000.00,7 (2014-20),"$130,000,000 ","$18,571,429 ",1.7,0
34,Carlos Santana,CLE,1B,20500000.00,3 (2018-20),"$60,000,000 ","$20,000,000 ",4.4,0
35,Yu Darvish,CHC,SP,20000000.00,6 (2018-23),"$126,000,000 ","$21,000,000 ",2.3,178.2
35,Cole Hamels,CHC,SP,20000000.00,1 (2019),"$20,000,000 ","$20,000,000 ",2.5,141.2
35,Mookie Betts,BOS,RF,20000000.00,1 (2019),"$20,000,000 ","$20,000,000 ",6.6,0
35,Russell Martin,LAD,C,20000000.00,1 (2019),"$20,000,000 ","$20,000,000 ",1.3,4
35,Yadier Molina,STL,C,20000000.00,3 (2018-20),"$60,000,000 ","$20,000,000 ",1.2,0
35,Jason Heyward,CHC,RF,20000000.00,8 (2016-23),"$184,000,000 ","$23,000,000 ",1.9,0
41,Jeff Samardzija,SF,SP,19800000.00,5 (2016-20),"$90,000,000 ","$18,000,000 ",1.4,181.1
42,Wei-Yin Chen,MIA,RP,19773520.00,5 (2016-20),"$80,000,000 ","$16,000,000 ",-0.5,68.1
43,Justin Upton,LAA,LF,19700000.00,5 (2018-22),"$106,000,000 ","$21,200,000 ",-0.2,0
44,Kyle Seager,SEA,3B,19500000.00,7 (2015-21),"$100,000,000 ","$14,285,714 ",2.9,0
45,Justin Turner,LAD,3B,19000000.00,4 (2017-20),"$64,000,000 ","$16,000,000 ",3.4,0
45,Mark Melancon,SF,RP,19000000.00,4 (2017-20),"$62,000,000 ","$15,500,000 ",1.2,67.1
47,Kenley Jansen,LAD,RP,18800000.00,5 (2017-21),"$80,000,000 ","$16,000,000 ",1.2,63
47,Anthony Rendon,WSH,3B,18800000.00,1 (2019),"$18,800,000 ","$18,800,000 ",7,0
49,Rich Hill,LAD,SP,18666667.00,3 (2017-19),"$48,000,000 ","$16,000,000 ",1,58.2
50,Pablo Sandoval,SF,3B,18600000.00,5 (2015-19),"$95,000,000 ","$19,000,000 ",1,1
51,Ryan Zimmerman,WSH,1B,18333333.00,6 (2014-19),"$100,000,000 ","$16,666,667 ",0.1,0
51,Wade Davis,COL,RP,18333333.00,3 (2018-20),"$52,000,000 ","$17,333,333 ",-0.2,42.2
53,Yasmani Grandal,MIL,C,18250000.00,1 (2019),"$18,250,000 ","$18,250,000 ",5.2,0
54,Ryan Braun,MIL,LF,18158038.00,13 (2008-20),"$150,000,000 ","$11,538,462 ",1.9,0
55,Hyun-Jin Ryu,LAD,SP,17900000.00,1 (2019),"$17,900,000 ","$17,900,000 ",5.1,182.2
56,Brandon Belt,SF,1B,17200000.00,5 (2017-21),"$72,800,000 ","$14,560,000 ",0.5,0
56,Aroldis Chapman,NYY,RP,17200000.00,5 (2017-21),"$86,000,000 ","$17,200,000 ",2,57
56,Corey Kluber,CLE,SP,17200000.00,5 (2015-19),"$38,500,000 ","$7,700,000 ",0.6,35.2
59,Mike Leake,SEA,SP,17000000.00,5 (2016-20),"$80,000,000 ","$16,000,000 ",0.8,197
59,Nathan Eovaldi,BOS,SP,17000000.00,4 (2019-22),"$68,000,000 ","$17,000,000 ",-0.3,67.2
59,J.A. Happ,NYY,SP,17000000.00,2 (2019-20),"$34,000,000 ","$17,000,000 ",1.3,161.1
62,Ian Kennedy,KC,SP,16500000.00,5 (2016-20),"$70,000,000 ","$14,000,000 ",1.4,63.1
62,Khris Davis,OAK,DH,16500000.00,1 (2019),"$16,500,000 ","$16,500,000 ",-1,0
62,Dexter Fowler,STL,RF,16500000.00,5 (2017-21),"$82,500,000 ","$16,500,000 ",1.5,0
65,Michael Brantley,HOU,LF,16000000.00,2 (2019-20),"$32,000,000 ","$16,000,000 ",4.2,0
65,Jose Abreu,CWS,1B,16000000.00,1 (2019),"$16,000,000 ","$16,000,000 ",1.9,0
67,Evan Longoria,SF,3B,15500000.00,6 (2017-22),"$100,000,000 ","$16,666,667 ",2,0
68,Ian Desmond,COL,CF,15400000.00,5 (2017-21),"$70,000,000 ","$14,000,000 ",-0.3,1
69,Matt Carpenter,STL,3B,15333333.00,6 (2014-19),"$52,000,000 ","$8,666,667 ",1.2,0
70,Elvis Andrus,TEX,SS,15250000.00,8 (2015-22),"$120,000,000 ","$15,000,000 ",1.4,0
70,Danny Duffy,KC,SP,15250000.00,5 (2017-21),"$65,000,000 ","$13,000,000 ",1.3,130.2
72,Brandon Crawford,SF,SS,15200000.00,6 (2016-21),"$75,000,000 ","$12,500,000 ",0.4,0
73,Jean Segura,PHI,SS,15050000.00,5 (2018-22),"$70,000,000 ","$14,000,000 ",2.3,0
74,Martin Prado,MIA,3B,15000000.00,3 (2017-19),"$40,000,000 ","$13,333,333 ",-1.2,0
74,Paul Goldschmidt,STL,1B,15000000.00,1 (2019),"$15,000,000 ","$15,000,000 ",2.9,0
74,Charlie Morton,TB,SP,15000000.00,2 (2019-20),"$30,000,000 ","$15,000,000 ",6.1,194.2
74,Chris Sale,BOS,SP,15000000.00,1 (2019),"$15,000,000 ","$15,000,000 ",3.6,147.1
74,Lorenzo Cain,MIL,CF,15000000.00,5 (2018-22),"$80,000,000 ","$16,000,000 ",1.5,0
79,Jason Kipnis,CLE,2B,14666667.00,6 (2014-19),"$52,500,000 ","$8,750,000 ",1.1,0
80,Dustin Pedroia,BOS,2B,14521686.00,8 (2014-21),"$110,000,000 ","$13,750,000 ",-0.4,0
81,Nelson Cruz,MIN,DH,14300000.00,1 (2019),"$14,300,000 ","$14,300,000 ",4.3,0
82,Jay Bruce,SEA,RF,14000000.00,3 (2018-20),"$39,000,000 ","$13,000,000 ",0.6,0
82,Alex Cobb,BAL,SP,14000000.00,4 (2018-21),"$57,000,000 ","$14,250,000 ",-0.6,12.1
84,Gerrit Cole,HOU,SP,13500000.00,1 (2019),"$13,500,000 ","$13,500,000 ",7.3,212.1
84,Dee Gordon,SEA,2B,13500000.00,5 (2016-20),"$50,000,000 ","$10,000,000 ",0.5,0
86,Mark Trumbo,BAL,DH,13274428.00,3 (2017-19),"$36,887,268 ","$12,295,756 ",-0.3,0
87,Jedd Gyorko,STL,3B,13166666.00,6 (2014-19),"$35,510,900 ","$5,918,483 ",-0.7,0.1
88,Andrelton Simmons,LAA,SS,13000000.00,7 (2014-20),"$58,000,000 ","$8,285,714 ",1.7,0
88,Zack Britton,NYY,RP,13000000.00,3 (2019-21),"$13,000,000 ","$4,333,333 ",0.9,61.1
88,Trevor Bauer,CLE,SP,13000000.00,1 (2019),"$13,000,000 ","$13,000,000 ",3.4,213
88,Josh Reddick,HOU,RF,13000000.00,4 (2017-20),"$52,000,000 ","$13,000,000 ",1,0
88,Daniel Murphy,COL,1B,13000000.00,2 (2019-20),"$24,000,000 ","$12,000,000 ",-0.2,0
93,Patrick Corbin,WSH,SP,12916666.00,6 (2019-24),"$140,000,000 ","$23,333,333 ",4.6,202
94,Kris Bryant,CHC,3B,12900000.00,1 (2019),"$12,900,000 ","$12,900,000 ",4.8,0
95,Zack Cozart,LAA,3B,12666667.00,3 (2018-20),"$38,000,000 ","$12,666,667 ",-0.9,0
96,Ben Zobrist,CHC,2B,12500000.00,4 (2016-19),"$56,000,000 ","$14,000,000 ",0.2,1
96,Tyler Chatwood,CHC,RP,12500000.00,3 (2018-20),"$38,000,000 ","$12,666,667 ",0.7,76.2
98,Anthony Rizzo,CHC,1B,12285714.00,7 (2013-19),"$41,000,000 ","$5,857,143 ",4,0
99,Marcell Ozuna,STL,LF,12250000.00,1 (2019),"$12,250,000 ","$12,250,000 ",2.6,0
99,Andrew Miller,STL,RP,12250000.00,2 (2019-20),"$25,000,000 ","$12,500,000 ",-0.4,54.2
101,Starlin Castro,MIA,2B,12000000.00,7 (2013-19),"$60,000,000 ","$8,571,429 ",1.3,0
101,Madison Bumgarner,SF,SP,12000000.00,1 (2019),"$12,000,000 ","$12,000,000 ",3.7,207.2
101,Xander Bogaerts,BOS,SS,12000000.00,1 (2019),"$12,000,000 ","$12,000,000 ",6.8,0
101,DJ LeMahieu,NYY,2B,12000000.00,2 (2019-20),"$24,000,000 ","$12,000,000 ",5.4,0
101,Manny Machado,SD,3B,12000000.00,10 (2019-28),"$300,000,000 ","$30,000,000 ",3.1,0
101,Marwin Gonzalez,MIN,3B,12000000.00,2 (2019-20),"$21,000,000 ","$10,500,000 ",1.4,0
101,George Springer,HOU,CF,12000000.00,2 (2018-19),"$24,000,000 ","$12,000,000 ",6.5,0
101,Kendrys Morales,OAK,DH,12000000.00,3 (2017-19),"$33,000,000 ","$11,000,000 ",-0.8,1
109,Carlos Martinez,STL,SP,11800000.00,5 (2017-21),"$51,000,000 ","$10,200,000 ",1.2,48.1
110,Didi Gregorius,NYY,SS,11750000.00,1 (2019),"$11,750,000 ","$11,750,000 ",0.9,0
111,Bryce Harper,PHI,RF,11538461.00,13 (2019-31),"$330,000,000 ","$25,384,615 ",4.6,0
112,Francisco Cervelli,PIT,C,11500000.00,3 (2017-19),"$31,000,000 ","$10,333,333 ",0.1,0
113,Salvador Perez,KC,C,11200000.00,6 (2016-21),"$54,500,000 ","$9,083,333 ",,0
114,Julio Teheran,ATL,SP,11166666.00,6 (2014-19),"$32,400,000 ","$5,400,000 ",1.3,174.2
115,Matt Harvey,LAA,SP,11000000.00,1 (2019),"$11,000,000 ","$11,000,000 ",-0.3,59.2
115,David Robertson,PHI,RP,11000000.00,2 (2019-20),"$23,000,000 ","$11,500,000 ",-0.1,6.2
115,Andrew McCutchen,PHI,LF,11000000.00,3 (2019-21),"$50,000,000 ","$16,666,667 ",1.5,0
118,Kole Calhoun,LAA,RF,10833333.00,3 (2017-19),"$26,000,000 ","$8,666,667 ",2.5,0
119,Starling Marte,PIT,CF,10666666.00,6 (2014-19),"$31,000,000 ","$5,166,667 ",3,0
120,Francisco Lindor,CLE,SS,10550000.00,1 (2019),"$10,550,000 ","$10,550,000 ",4.4,0
121,Jose Quintana,CHC,SP,10500000.00,1 (2019),"$10,500,000 ","$10,500,000 ",3.2,171
121,Carlos Carrasco,CLE,SP,10500000.00,4 (2019-22),"$47,000,000 ","$11,750,000 ",1,80
121,Brandon Morrow,CHC,RP,10500000.00,2 (2018-19),"$21,000,000 ","$10,500,000 ",,0
124,Yuli Gurriel,HOU,1B,10000000.00,5 (2016-20),"$47,500,000 ","$9,500,000 ",3.2,0
124,Tanner Roark,CIN,SP,10000000.00,1 (2019),"$10,000,000 ","$10,000,000 ",2.1,165.1
124,Mike Moustakas,MIL,2B,10000000.00,1 (2019),"$10,000,000 ","$10,000,000 ",2.8,0
127,Nicholas Castellanos,DET,RF,9950000.00,1 (2019),"$9,950,000 ","$9,950,000 ",2.8,0
128,Christian Yelich,MIL,RF,9928571.00,7 (2015-21),"$49,570,000 ","$7,081,429 ",7.8,0
129,Mike Minor,TEX,SP,9833333.00,3 (2018-20),"$28,000,000 ","$9,333,333 ",4.1,208.1
130,Scooter Gennett,CIN,2B,9775000.00,1 (2019),"$9,775,000 ","$9,775,000 ",-0.5,0
131,Yasiel Puig,CIN,RF,9700000.00,1 (2019),"$9,700,000 ","$9,700,000 ",1.2,0
132,Alex Wood,CIN,SP,9650000.00,1 (2019),"$9,650,000 ","$9,650,000 ",-0.2,35.2
133,Jose Altuve,HOU,2B,9500000.00,7 (2018-24),"$163,500,000 ","$23,357,143 ",3.5,0
133,Andrew Cashner,BAL,SP,9500000.00,2 (2018-19),"$16,000,000 ","$8,000,000 ",1.8,150
133,Jake Odorizzi,MIN,SP,9500000.00,1 (2019),"$9,500,000 ","$9,500,000 ",4.3,159
133,Yusei Kikuchi,SEA,SP,9500000.00,4 (2019-22),"$56,000,000 ","$14,000,000 ",0.2,161.2
137,Kevin Gausman,ATL,SP,9350000.00,1 (2019),"$9,350,000 ","$9,350,000 ",1.3,102.1
138,Lance Lynn,TEX,SP,9333333.00,3 (2019-21),"$30,000,000 ","$10,000,000 ",6.8,208.1
139,Juan Nicasio,PHI,RP,9250000.00,2 (2018-19),"$17,000,000 ","$8,500,000 ",0.5,47.1
140,Ivan Nova,CWS,SP,9166667.00,3 (2017-19),"$26,000,000 ","$8,666,667 ",1.9,187
141,Bryan Shaw,COL,RP,9166666.00,3 (2018-20),"$27,000,000 ","$9,000,000 ",-0.1,72
141,Jake McGee,COL,RP,9166666.00,3 (2018-20),"$27,000,000 ","$9,000,000 ",-0.3,41.1
143,Juan Lagares,NYM,CF,9100000.00,5 (2015-19),"$23,553,696 ","$4,710,739 ",-0.8,0
144,Jason Vargas,NYM,SP,9000000.00,2 (2018-19),"$16,000,000 ","$8,000,000 ",1.5,149.2
144,Kelvin Herrera,CWS,RP,9000000.00,2 (2019-20),"$18,000,000 ","$9,000,000 ",0.4,51.1
144,Trevor Cahill,LAA,SP,9000000.00,1 (2019),"$9,000,000 ","$9,000,000 ",-0.8,102.1
144,Adam Ottavino,NYY,RP,9000000.00,3 (2019-21),"$27,000,000 ","$9,000,000 ",1.3,66.1
144,Brian Dozier,WSH,2B,9000000.00,1 (2019),"$9,000,000 ","$9,000,000 ",1.7,1
144,Anibal Sanchez,WSH,SP,9000000.00,2 (2019-20),"$19,000,000 ","$9,500,000 ",2.3,166
144,Todd Frazier,NYM,3B,9000000.00,2 (2018-19),"$17,000,000 ","$8,500,000 ",1.9,0
144,Jacob deGrom,NYM,SP,9000000.00,5 (2019-23),"$137,500,000 ","$27,500,000 ",7.6,204
144,Tommy Hunter,PHI,RP,9000000.00,2 (2018-19),"$18,000,000 ","$9,000,000 ",0.2,5.1
153,Darren O'Day,ATL,RP,8854712.00,4 (2016-19),"$31,000,000 ","$7,750,000 ",0.1,5.1
154,Adam Eaton,WSH,RF,8700000.00,5 (2015-19),"$23,500,000 ","$4,700,000 ",2.3,0
155,Kevin Kiermaier,TB,CF,8583333.00,6 (2017-22),"$54,000,000 ","$9,000,000 ",1.5,0
156,James Paxton,NYY,SP,8575000.00,1 (2019),"$8,575,000 ","$8,575,000 ",3.4,150.2
157,Jackie Bradley Jr.,BOS,CF,8550000.00,1 (2019),"$8,550,000 ","$8,550,000 ",1.4,0
158,Yonder Alonso,CWS,DH,8500000.00,2 (2018-19),"$16,000,000 ","$8,000,000 ",-1.2,0
158,Corey Dickerson,PIT,LF,8500000.00,1 (2019),"$8,500,000 ","$8,500,000 ",1,0
158,Cody Allen,LAA,RP,8500000.00,1 (2019),"$8,500,000 ","$8,500,000 ",-0.7,23
158,Anthony Swarzak,SEA,RP,8500000.00,2 (2018-19),"$14,000,000 ","$7,000,000 ",-0.7,53.1
158,Jed Lowrie,NYM,2B,8500000.00,2 (2019-20),"$20,000,000 ","$10,000,000 ",-0.1,0
158,Addison Reed,MIN,RP,8500000.00,2 (2018-19),"$16,750,000 ","$8,375,000 ",,0
164,Rougned Odor,TEX,2B,8333333.00,6 (2017-22),"$49,500,000 ","$8,250,000 ",0.3,0
165,Pat Neshek,PHI,RP,8125000.00,2 (2018-19),"$16,250,000 ","$8,125,000 ",-0.3,18
165,Kyle Gibson,MIN,SP,8125000.00,1 (2019),"$8,125,000 ","$8,125,000 ",2.7,160
167,Miles Mikolas,STL,SP,8000000.00,2 (2018-19),"$15,500,000 ","$7,750,000 ",2.4,184
167,Jason Castro,MIN,C,8000000.00,3 (2017-19),"$24,500,000 ","$8,166,667 ",1.6,0
167,Michael Pineda,MIN,SP,8000000.00,2 (2018-19),"$10,000,000 ","$5,000,000 ",2.7,146
167,Wilson Ramos,NYM,C,8000000.00,2 (2019-20),"$19,000,000 ","$9,500,000 ",1.4,0
167,Justin Smoak,TOR,1B,8000000.00,1 (2019),"$8,000,000 ","$8,000,000 ",0.2,0
167,CC Sabathia,NYY,SP,8000000.00,1 (2019),"$8,000,000 ","$8,000,000 ",0.4,107.1
167,Joe Smith,HOU,RP,8000000.00,2 (2018-19),"$15,000,000 ","$7,500,000 ",0.4,25
174,Chris Archer,PIT,SP,7758333.00,6 (2014-19),"$25,500,000 ","$4,250,000 ",0.7,119.2
175,Cesar Hernandez,PHI,2B,7750000.00,1 (2019),"$7,750,000 ","$7,750,000 ",1.7,0
175,Brett Cecil,STL,RP,7750000.00,4 (2017-20),"$30,500,000 ","$7,625,000 ",,0
177,Welington Castillo,CWS,C,7500000.00,2 (2018-19),"$15,000,000 ","$7,500,000 ",-1,0
177,Steve Cishek,CHC,RP,7500000.00,2 (2018-19),"$13,500,000 ","$6,750,000 ",0.2,64
177,Sonny Gray,CIN,SP,7500000.00,1 (2019),"$7,500,000 ","$7,500,000 ",4.5,175.1
177,Jonathan Schoop,MIN,2B,7500000.00,1 (2019),"$7,500,000 ","$7,500,000 ",1.3,0
177,Brett Gardner,NYY,LF,7500000.00,1 (2019),"$7,500,000 ","$7,500,000 ",3.6,0
177,Stephen Piscotty,OAK,RF,7500000.00,6 (2017-22),"$33,500,000 ","$5,583,333 ",0.6,0
183,Brad Hand,CLE,RP,7416666.00,3 (2018-20),"$19,750,000 ","$6,583,333 ",1.5,57.1
184,Kyle Hendricks,CHC,SP,7405000.00,1 (2019),"$7,405,000 ","$7,405,000 ",4.2,177
185,Marcus Stroman,TOR,SP,7400000.00,1 (2019),"$7,400,000 ","$7,400,000 ",3.7,184.1
186,Mike Dunn,COL,RP,7333333.00,3 (2017-19),"$19,000,000 ","$6,333,333 ",0,17.2
187,Alex Colome,CWS,RP,7325000.00,1 (2019),"$7,325,000 ","$7,325,000 ",0.6,61
188,Eugenio Suarez,CIN,3B,7285714.00,7 (2018-24),"$66,000,000 ","$9,428,571 ",4.5,0
189,Yan Gomes,WSH,C,7250000.00,6 (2014-19),"$23,000,000 ","$3,833,333 ",0.8,0
189,Dellin Betances,NYY,RP,7250000.00,1 (2019),"$7,250,000 ","$7,250,000 ",0.1,0.2
191,David Peralta,ARI,LF,7000000.00,1 (2019),"$7,000,000 ","$7,000,000 ",1.7,0
191,Derek Holland,SF,SP,7000000.00,1 (2019),"$7,000,000 ","$7,000,000 ",-1.1,84.1
191,Drew Smyly,TEX,SP,7000000.00,2 (2018-19),"$10,000,000 ","$5,000,000 ",-0.5,114
191,Trevor Rosenthal,WSH,RP,7000000.00,1 (2019),"$7,000,000 ","$7,000,000 ",-0.3,15.1
191,Garrett Richards,SD,SP,7000000.00,2 (2019-20),"$15,500,000 ","$7,750,000 ",0,8.2
196,Chase Anderson,MIL,SP,6750000.00,2 (2018-19),"$11,750,000 ","$5,875,000 ",1.1,139
196,Jhoulys Chacin,MIL,SP,6750000.00,2 (2018-19),"$15,500,000 ","$7,750,000 ",0,103.1
198,Kolten Wong,STL,2B,6700000.00,5 (2016-20),"$25,500,000 ","$5,100,000 ",3.7,0
198,Gregory Polanco,PIT,OF,6700000.00,5 (2017-21),"$35,000,000 ","$7,000,000 ",-0.2,0
200,Jeurys Familia,NYM,RP,6666666.00,3 (2019-21),"$30,000,000 ","$10,000,000 ",-0.2,60
201,Mitch Moreland,BOS,1B,6500000.00,2 (2018-19),"$13,000,000 ","$6,500,000 ",0.7,0
201,Roberto Osuna,HOU,RP,6500000.00,1 (2019),"$6,500,000 ","$6,500,000 ",1.6,65
201,Joakim Soria,OAK,RP,6500000.00,2 (2019-20),"$15,000,000 ","$7,500,000 ",0.9,69
201,Tony Watson,SF,RP,6500000.00,2 (2018-19),"$9,500,000 ","$4,750,000 ",-0.3,54
201,Sean Doolittle,WSH,RP,6500000.00,1 (2019),"$6,500,000 ","$6,500,000 ",0.7,60
206,Aaron Hicks,NYY,CF,6428571.00,7 (2019-25),"$70,000,000 ","$10,000,000 ",1.1,0
207,Blake Treinen,OAK,RP,6400000.00,1 (2019),"$6,400,000 ","$6,400,000 ",-0.3,58.2
208,Michael Wacha,STL,SP,6350000.00,1 (2019),"$6,350,000 ","$6,350,000 ",-0.2,126.2
209,Eric Thames,MIL,1B,6333333.00,3 (2017-19),"$16,000,000 ","$5,333,333 ",1.9,0
210,Ken Giles,TOR,RP,6300000.00,1 (2019),"$6,300,000 ","$6,300,000 ",1.8,53
211,Pedro Strop,CHC,RP,6250000.00,1 (2019),"$6,250,000 ","$6,250,000 ",0,41.2
211,Steve Pearce,BOS,1B,6250000.00,1 (2019),"$6,250,000 ","$6,250,000 ",-0.9,0
213,Max Kepler,MIN,RF,6200000.00,5 (2019-23),"$35,000,000 ","$7,000,000 ",4.4,0
214,Eduardo Escobar,ARI,3B,6166666.00,3 (2019-21),"$21,000,000 ","$7,000,000 ",3.7,0
215,Robbie Ray,ARI,SP,6050000.00,1 (2019),"$6,050,000 ","$6,050,000 ",2,174.1
216,Yusmeiro Petit,OAK,RP,6000000.00,2 (2018-19),"$10,000,000 ","$5,000,000 ",1.4,83
216,Tyler Flowers,ATL,C,6000000.00,1 (2019),"$6,000,000 ","$6,000,000 ",2.1,0
216,Nick Markakis,ATL,RF,6000000.00,1 (2019),"$6,000,000 ","$6,000,000 ",0.4,0
216,Raisel Iglesias,CIN,RP,6000000.00,3 (2019-21),"$24,125,000 ","$8,041,667 ",1.1,67
216,Noah Syndergaard,NYM,SP,6000000.00,1 (2019),"$6,000,000 ","$6,000,000 ",4.4,197.2
216,Mike Fiers,OAK,SP,6000000.00,2 (2019-20),"$14,100,000 ","$7,050,000 ",1.7,184.2
222,Zack Wheeler,NYM,SP,5975000.00,1 (2019),"$5,975,000 ","$5,975,000 ",5.3,195.1
223,Marcus Semien,OAK,SS,5900000.00,1 (2019),"$5,900,000 ","$5,900,000 ",7.6,0
223,J.T. Realmuto,PHI,C,5900000.00,1 (2019),"$5,900,000 ","$5,900,000 ",5.7,0
225,Kevin Pillar,TOR,CF,5800000.00,1 (2019),"$5,800,000 ","$5,800,000 ",1.5,0
225,Collin McHugh,HOU,SP,5800000.00,1 (2019),"$5,800,000 ","$5,800,000 ",0.5,74.2
227,Robinson Chirinos,HOU,C,5750000.00,1 (2019),"$5,750,000 ","$5,750,000 ",2.3,0
227,Tyson Ross,DET,SP,5750000.00,1 (2019),"$5,750,000 ","$5,750,000 ",0,35.1
229,Ender Inciarte,ATL,CF,5700000.00,5 (2017-21),"$30,525,000 ","$6,105,000 ",0.9,0
230,Wil Myers,SD,LF,5666666.00,6 (2017-22),"$83,000,000 ","$13,833,333 ",0.5,0
231,Aaron Nola,PHI,SP,5562500.00,4 (2019-22),"$45,000,000 ","$11,250,000 ",3.5,202.1
232,Odubel Herrera,PHI,CF,5550000.00,5 (2017-21),"$30,500,000 ","$6,100,000 ",-0.4,0
233,Luke Gregerson,STL,RP,5500000.00,2 (2018-19),"$11,000,000 ","$5,500,000 ",0.1,5.2
234,Mike Foltynewicz,ATL,SP,5475000.00,1 (2019),"$5,475,000 ","$5,475,000 ",0.5,117
235,Jordy Mercer,DET,SS,5250000.00,1 (2019),"$5,250,000 ","$5,250,000 ",0.6,0
235,Billy Hamilton,KC,CF,5250000.00,1 (2019),"$5,250,000 ","$5,250,000 ",0.4,0
235,A.J. Pollock,LAD,CF,5250000.00,4 (2019-22),"$55,000,000 ","$13,750,000 ",0.9,0
235,Fernando Rodney,OAK,RP,5250000.00,1 (2019),"$5,250,000 ","$5,250,000 ",0.4,47.2
239,Maikel Franco,PHI,3B,5200000.00,1 (2019),"$5,200,000 ","$5,200,000 ",-0.5,0
239,Javier Baez,CHC,SS,5200000.00,1 (2019),"$5,200,000 ","$5,200,000 ",4.4,0
241,Luis Severino,NYY,SP,5187500.00,4 (2019-22),"$40,000,000 ","$10,000,000 ",0.5,12
242,Corey Knebel,MIL,RP,5125000.00,1 (2019),"$5,125,000 ","$5,125,000 ",,0
243,Taijuan Walker,ARI,SP,5025000.00,1 (2019),"$5,025,000 ","$5,025,000 ",0,1
244,Eduardo Nunez,BOS,3B,5000000.00,1 (2019),"$5,000,000 ","$5,000,000 ",-1.1,1
244,Brandon Kintzler,CHC,RP,5000000.00,1 (2019),"$5,000,000 ","$5,000,000 ",0.9,57
244,Randal Grichuk,TOR,RF,5000000.00,1 (2019),"$5,000,000 ","$5,000,000 ",0.5,0
244,Trevor Story,COL,SS,5000000.00,1 (2019),"$5,000,000 ","$5,000,000 ",5.8,0
244,Justin Wilson,NYM,RP,5000000.00,2 (2019-20),"$10,000,000 ","$5,000,000 ",0.3,39
244,Sam Dyson,SF,RP,5000000.00,1 (2019),"$5,000,000 ","$5,000,000 ",0.9,62.1
244,Freddy Galvis,TOR,SS,5000000.00,1 (2019),"$5,000,000 ","$5,000,000 ",1.4,0
244,Carlos Correa,HOU,SS,5000000.00,1 (2019),"$5,000,000 ","$5,000,000 ",3.2,0
244,Joc Pederson,LAD,LF,5000000.00,1 (2019),"$5,000,000 ","$5,000,000 ",3,0
253,Jonathan Villar,BAL,2B,4825000.00,1 (2019),"$4,825,000 ","$4,825,000 ",4,0
253,Jake Lamb,ARI,1B,4825000.00,1 (2019),"$4,825,000 ","$4,825,000 ",0,0
255,Arodys Vizcaino,ATL,RP,4800000.00,1 (2019),"$4,800,000 ","$4,800,000 ",-0.1,4
255,C.J. Cron,MIN,1B,4800000.00,1 (2019),"$4,800,000 ","$4,800,000 ",0.3,0
257,Felipe Vazquez,PIT,RP,4750000.00,4 (2018-21),"$22,000,000 ","$5,500,000 ",2.1,60
258,Travis Shaw,MIL,3B,4675000.00,1 (2019),"$4,675,000 ","$4,675,000 ",-0.8,0
259,Joe Kelly,LAD,RP,4666666.00,3 (2019-21),"$25,000,000 ","$8,333,333 ",0.4,51.1
259,Jorge Soler,KC,RF,4666666.00,9 (2012-20),"$30,000,000 ","$3,333,333 ",3.6,0
261,Nate Jones,CWS,RP,4650000.00,1 (2019),"$4,650,000 ","$4,650,000 ",-0.1,10.1
262,Yolmer Sanchez,CWS,2B,4625000.00,1 (2019),"$4,625,000 ","$4,625,000 ",1,0
263,Chris Iannetta,COL,C,4525000.00,2 (2018-19),"$8,500,000 ","$4,250,000 ",-0.5,0
264,Hector Rondon,HOU,RP,4500000.00,2 (2018-19),"$8,500,000 ","$4,250,000 ",-0.2,60.2
264,David Freese,LAD,3B,4500000.00,1 (2019),"$4,500,000 ","$4,500,000 ",1.4,0
264,Wade Miley,HOU,SP,4500000.00,1 (2019),"$4,500,000 ","$4,500,000 ",2,167.1
264,Danny Salazar,CLE,SP,4500000.00,1 (2019),"$4,500,000 ","$4,500,000 ",-0.2,4
268,Mike Zunino,TB,C,4412500.00,1 (2019),"$4,412,500 ","$4,412,500 ",0.3,0
269,Eduardo Rodriguez,BOS,SP,4300000.00,1 (2019),"$4,300,000 ","$4,300,000 ",3.6,203.1
270,Alex Avila,ARI,C,4250000.00,2 (2018-19),"$8,250,000 ","$4,125,000 ",1.3,2
270,Wilmer Flores,ARI,2B,4250000.00,1 (2019),"$4,250,000 ","$4,250,000 ",1.1,0
272,Will Smith,SF,RP,4225000.00,1 (2019),"$4,225,000 ","$4,225,000 ",3,65.1
272,Will Harris,HOU,RP,4225000.00,1 (2019),"$4,225,000 ","$4,225,000 ",1.1,60
274,Carlos Rodon,CWS,SP,4200000.00,1 (2019),"$4,200,000 ","$4,200,000 ",0.9,34.2
275,Eddie Rosario,MIN,LF,4190000.00,1 (2019),"$4,190,000 ","$4,190,000 ",1.2,0
276,Jorge Polanco,MIN,SS,4158333.00,5 (2019-23),"$25,750,000 ","$5,150,000 ",4,0
277,Jose Ramirez,CLE,3B,4150000.00,5 (2017-21),"$26,000,000 ","$5,200,000 ",3.3,0
278,Steven Souza Jr.,ARI,RF,4125000.00,1 (2019),"$4,125,000 ","$4,125,000 ",,0
279,Lance McCullers Jr.,HOU,SP,4100000.00,1 (2019),"$4,100,000 ","$4,100,000 ",,0
279,Tommy Pham,TB,LF,4100000.00,1 (2019),"$4,100,000 ","$4,100,000 ",3.3,0
281,Michael Conforto,NYM,RF,4025000.00,1 (2019),"$4,025,000 ","$4,025,000 ",3.7,0
282,Shane Greene,DET,RP,4000000.00,1 (2019),"$4,000,000 ","$4,000,000 ",0.9,62.2
282,Corey Seager,LAD,SS,4000000.00,1 (2019),"$4,000,000 ","$4,000,000 ",3.3,0
282,Marco Estrada,OAK,SP,4000000.00,1 (2019),"$4,000,000 ","$4,000,000 ",-0.2,23.2
282,Ian Kinsler,SD,2B,4000000.00,2 (2019-20),"$8,000,000 ","$4,000,000 ",-0.2,1
282,Jesse Chavez,TEX,RP,4000000.00,2 (2019-20),"$8,000,000 ","$4,000,000 ",0.9,78
282,Matt Adams,WSH,1B,4000000.00,1 (2019),"$4,000,000 ","$4,000,000 ",-0.1,0
282,Kurt Suzuki,WSH,C,4000000.00,2 (2019-20),"$10,000,000 ","$5,000,000 ",0.6,0
282,Howie Kendrick,WSH,OF,4000000.00,2 (2018-19),"$7,000,000 ","$3,500,000 ",2.9,0
282,Martin Perez,MIN,RP,4000000.00,1 (2019),"$4,000,000 ","$4,000,000 ",1.9,165.1
282,Jon Jay,CWS,RF,4000000.00,1 (2019),"$4,000,000 ","$4,000,000 ",-0.9,0
292,Aaron Sanchez,TOR,SP,3900000.00,1 (2019),"$3,900,000 ","$3,900,000 ",0.8,131.1
293,Joe Panik,SF,2B,3850000.00,1 (2019),"$3,850,000 ","$3,850,000 ",0.2,0
294,Jarrod Dyson,ARI,OF,3750000.00,2 (2018-19),"$7,500,000 ","$3,750,000 ",1.3,0
295,Trea Turner,WSH,SS,3725000.00,1 (2019),"$3,725,000 ","$3,725,000 ",3.5,0
295,Enrique Hernandez,LAD,2B,3725000.00,1 (2019),"$3,725,000 ","$3,725,000 ",1.2,0
297,Tyler Skaggs,LAA,SP,3700000.00,1 (2019),"$3,700,000 ","$3,700,000 ",1.8,79.2
297,Jimmy Nelson,MIL,SP,3700000.00,1 (2019),"$3,700,000 ","$3,700,000 ",-0.1,22
299,Nick Ahmed,ARI,SS,3662500.00,1 (2019),"$3,662,500 ","$3,662,500 ",2.4,0
300,Jurickson Profar,OAK,2B,3600000.00,1 (2019),"$3,600,000 ","$3,600,000 ",1.3,0
301,Brock Holt,BOS,2B,3575000.00,1 (2019),"$3,575,000 ","$3,575,000 ",1.3,0
302,Travis d'Arnaud,NYM,C,3515000.00,1 (2019),"$3,515,000 ","$3,515,000 ",1.6,0
303,Asdrubal Cabrera,TEX,3B,3500000.00,1 (2019),"$3,500,000 ","$3,500,000 ",1.9,0
303,Matt Shoemaker,TOR,SP,3500000.00,1 (2019),"$3,500,000 ","$3,500,000 ",0.6,28.2
303,Avisail Garcia,TB,RF,3500000.00,1 (2019),"$3,500,000 ","$3,500,000 ",1.8,0
303,Chris Taylor,LAD,2B,3500000.00,1 (2019),"$3,500,000 ","$3,500,000 ",1.7,0
307,Andrew Heaney,LAA,SP,3400000.00,1 (2019),"$3,400,000 ","$3,400,000 ",1.2,95.1
307,Addison Russell,CHC,SS,3400000.00,1 (2019),"$3,400,000 ","$3,400,000 ",0.5,0
309,Kyle Schwarber,CHC,LF,3390000.00,1 (2019),"$3,390,000 ","$3,390,000 ",2.6,0
310,Jonathan Lucroy,LAA,C,3350000.00,1 (2019),"$3,350,000 ","$3,350,000 ",-0.5,0
311,Chad Bettis,COL,SP,3325000.00,1 (2019),"$3,325,000 ","$3,325,000 ",0.1,63.2
312,Nomar Mazara,TEX,RF,3300000.00,1 (2019),"$3,300,000 ","$3,300,000 ",0.5,0
312,Clayton Richard,TOR,SP,3300000.00,1 (2019),"$3,300,000 ","$3,300,000 ",-0.2,45.1
314,Yoshihisa Hirano,ARI,RP,3250000.00,2 (2018-19),"$6,000,000 ","$3,000,000 ",0.5,53
314,Greg Holland,ARI,RP,3250000.00,1 (2019),"$3,250,000 ","$3,250,000 ",-0.1,35.2
314,Wily Peralta,KC,RP,3250000.00,1 (2019),"$3,250,000 ","$3,250,000 ",-0.4,40.1
314,Jeff Mathis,TEX,C,3250000.00,2 (2019-20),"$6,250,000 ","$3,125,000 ",-2.1,2
314,Michael A. Taylor,WSH,CF,3250000.00,1 (2019),"$3,250,000 ","$3,250,000 ",0,0
319,Jose Urena,MIA,SP,3200000.00,1 (2019),"$3,200,000 ","$3,200,000 ",0.4,84.2
320,Keone Kela,PIT,RP,3175000.00,1 (2019),"$3,175,000 ","$3,175,000 ",0.4,29.2
320,Jeremy Jeffress,MIL,RP,3175000.00,1 (2019),"$3,175,000 ","$3,175,000 ",0.3,52
322,Miguel Rojas,MIA,SS,3155000.00,1 (2019),"$3,155,000 ","$3,155,000 ",1.9,0
323,Sean Manaea,OAK,SP,3150000.00,1 (2019),"$3,150,000 ","$3,150,000 ",0.8,29.2
324,Kenta Maeda,LAD,SP,3125000.00,8 (2016-23),"$25,000,000 ","$3,125,000 ",3,153.2
325,Brad Peacock,HOU,SP,3110000.00,1 (2019),"$3,110,000 ","$3,110,000 ",1.1,91.2
326,Kirby Yates,SD,RP,3062500.00,1 (2019),"$3,062,500 ","$3,062,500 ",3.4,60.2
327,Leonys Martin,CLE,CF,3000000.00,1 (2019),"$3,000,000 ","$3,000,000 ",-0.6,0
327,Chris Owings,KC,SS,3000000.00,1 (2019),"$3,000,000 ","$3,000,000 ",-0.9,1.2
327,Jung Ho Kang,PIT,3B,3000000.00,1 (2019),"$3,000,000 ","$3,000,000 ",-0.9,0
327,Brad Brach,CHC,RP,3000000.00,1 (2019),"$3,000,000 ","$3,000,000 ",0.7,54.1
327,Adam Jones,ARI,OF,3000000.00,1 (2019),"$3,000,000 ","$3,000,000 ",-0.1,0
327,Clay Buchholz,TOR,SP,3000000.00,1 (2019),"$3,000,000 ","$3,000,000 ",0.1,59
333,Tucker Barnhart,CIN,C,2937500.00,4 (2018-21),"$16,000,000 ","$4,000,000 ",0.7,0
334,Christian Vazquez,BOS,C,2933333.00,3 (2019-21),"$13,550,000 ","$4,516,667 ",3.5,0
335,Jon Gray,COL,SP,2925000.00,1 (2019),"$2,925,000 ","$2,925,000 ",2.5,150
336,Ryan Pressly,HOU,RP,2900000.00,1 (2019),"$2,900,000 ","$2,900,000 ",1.5,54.1
337,Dylan Bundy,BAL,SP,2800000.00,1 (2019),"$2,800,000 ","$2,800,000 ",2.5,161.2
337,Michael Fulmer,DET,SP,2800000.00,1 (2019),"$2,800,000 ","$2,800,000 ",,0
339,Jose Peraza,CIN,2B,2775000.00,1 (2019),"$2,775,000 ","$2,775,000 ",-0.6,1.1
340,Wade LeBlanc,SEA,SP,2750000.00,1 (2019),"$2,750,000 ","$2,750,000 ",-0.2,121.1
340,Shawn Kelley,TEX,RP,2750000.00,1 (2019),"$2,750,000 ","$2,750,000 ",-0.2,47.1
340,Jake Diekman,KC,RP,2750000.00,1 (2019),"$2,750,000 ","$2,750,000 ",1,62
340,Lonnie Chisenhall,PIT,RF,2750000.00,1 (2019),"$2,750,000 ","$2,750,000 ",,0
344,Matt Duffy,TB,3B,2675000.00,1 (2019),"$2,675,000 ","$2,675,000 ",-0.3,0
345,Tony Cingrani,LAD,RP,2650000.00,1 (2019),"$2,650,000 ","$2,650,000 ",,0
345,Miguel Sano,MIN,3B,2650000.00,1 (2019),"$2,650,000 ","$2,650,000 ",2.7,0
347,Roberto Perez,CLE,C,2625000.00,4 (2017-20),"$9,000,000 ","$2,250,000 ",3,0
347,Steven Matz,NYM,SP,2625000.00,1 (2019),"$2,625,000 ","$2,625,000 ",2,160.1
347,Tyler Anderson,COL,SP,2625000.00,1 (2019),"$2,625,000 ","$2,625,000 ",-0.3,20.2
350,Matthew Boyd,DET,SP,2600000.00,1 (2019),"$2,600,000 ","$2,600,000 ",3.3,185.1
350,Zach Davies,MIL,SP,2600000.00,1 (2019),"$2,600,000 ","$2,600,000 ",1.6,159.2
350,Ketel Marte,ARI,CF,2600000.00,5 (2018-22),"$24,000,000 ","$4,800,000 ",7.1,0
353,Matt Albers,MIL,RP,2500000.00,2 (2018-19),"$5,000,000 ","$2,500,000 ",0,59.2
353,David Hernandez,CIN,RP,2500000.00,2 (2018-19),"$5,000,000 ","$2,500,000 ",0.3,42.2
353,Matt Moore,DET,SP,2500000.00,1 (2019),"$2,500,000 ","$2,500,000 ",0.5,10
353,Oliver Perez,CLE,RP,2500000.00,1 (2019),"$2,500,000 ","$2,500,000 ",0.6,40.2
353,James McCann,CWS,C,2500000.00,1 (2019),"$2,500,000 ","$2,500,000 ",2.3,0
353,Justin Bour,LAA,1B,2500000.00,1 (2019),"$2,500,000 ","$2,500,000 ",-0.4,0
353,Hernan Perez,MIL,2B,2500000.00,1 (2019),"$2,500,000 ","$2,500,000 ",-0.3,3
353,Adam Warren,SD,RP,2500000.00,1 (2019),"$2,500,000 ","$2,500,000 ",-0.8,28.2
353,Martin Maldonado,KC,C,2500000.00,1 (2019),"$2,500,000 ","$2,500,000 ",0.8,0
353,Sergio Romo,MIA,RP,2500000.00,1 (2019),"$2,500,000 ","$2,500,000 ",1,60.1
353,Jose Iglesias,CIN,SS,2500000.00,1 (2019),"$2,500,000 ","$2,500,000 ",1.6,0
353,Seunghwan Oh,COL,RP,2500000.00,1 (2019),"$2,500,000 ","$2,500,000 ",-0.3,18.1
353,David Phelps,TOR,RP,2500000.00,1 (2019),"$2,500,000 ","$2,500,000 ",0.1,34.1
366,Mike Montgomery,CHC,RP,2440000.00,1 (2019),"$2,440,000 ","$2,440,000 ",-0.2,91
367,Eloy Jimenez,CWS,LF,2333333.00,6 (2019-24),"$43,000,000 ","$7,166,667 ",1.9,0
368,Craig Stammen,SD,RP,2250000.00,2 (2018-19),"$4,500,000 ","$2,250,000 ",0.4,82
368,Chris Martin,TEX,RP,2250000.00,2 (2018-19),"$4,000,000 ","$2,000,000 ",1,55.2
368,Merrill Kelly,ARI,SP,2250000.00,2 (2019-20),"$5,500,000 ","$2,750,000 ",1.5,183.1
368,Jonny Venters,ATL,RP,2250000.00,1 (2019),"$2,250,000 ","$2,250,000 ",-0.4,8
368,Jared Hughes,CIN,RP,2250000.00,2 (2018-19),"$4,500,000 ","$2,250,000 ",-0.5,71.1
373,Vince Velasquez,PHI,SP,2249000.00,1 (2019),"$2,249,000 ","$2,249,000 ",0.7,117.1
374,Junior Guerra,MIL,SP,2225000.00,1 (2019),"$2,225,000 ","$2,225,000 ",0.3,83.2
375,Jake Marisnick,HOU,OF,2212500.00,1 (2019),"$2,212,500 ","$2,212,500 ",1.1,0
376,Brad Boxberger,KC,RP,2200000.00,1 (2019),"$2,200,000 ","$2,200,000 ",0,26.2
377,Mychal Givens,BAL,RP,2150000.00,1 (2019),"$2,150,000 ","$2,150,000 ",0.5,63
377,Liam Hendriks,OAK,RP,2150000.00,1 (2019),"$2,150,000 ","$2,150,000 ",3.8,85
379,Anthony DeSclafani,CIN,SP,2125000.00,1 (2019),"$2,125,000 ","$2,125,000 ",2.1,166.2
380,Pedro Baez,LAD,RP,2100000.00,1 (2019),"$2,100,000 ","$2,100,000 ",1.3,69.2
381,Austin Hedges,SD,C,2060000.00,1 (2019),"$2,060,000 ","$2,060,000 ",1.4,0
382,Mark Canha,OAK,OF,2050000.00,1 (2019),"$2,050,000 ","$2,050,000 ",4,0
382,Jordan Lyles,PIT,SP,2050000.00,1 (2019),"$2,050,000 ","$2,050,000 ",1.4,141
384,Brian McCann,ATL,C,2000000.00,1 (2019),"$2,000,000 ","$2,000,000 ",1.1,0
384,Daniel Descalso,CHC,2B,2000000.00,2 (2019-20),"$5,000,000 ","$2,500,000 ",-0.9,1
384,Neil Walker,MIA,1B,2000000.00,1 (2019),"$2,000,000 ","$2,000,000 ",0.4,0
384,Paul DeJong,STL,SS,2000000.00,6 (2018-23),"$26,000,000 ","$4,333,333 ",4.1,0
384,Adam Wainwright,STL,SP,2000000.00,1 (2019),"$2,000,000 ","$2,000,000 ",2.4,171.2
384,Shelby Miller,TEX,SP,2000000.00,1 (2019),"$2,000,000 ","$2,000,000 ",-0.1,44
384,Edinson Volquez,TEX,SP,2000000.00,1 (2019),"$2,000,000 ","$2,000,000 ",-0.2,16
384,Zach Duke,CIN,RP,2000000.00,1 (2019),"$2,000,000 ","$2,000,000 ",-0.4,23.1
384,Robbie Grossman,OAK,LF,2000000.00,1 (2019),"$2,000,000 ","$2,000,000 ",0.8,0
384,Josh Harrison,DET,2B,2000000.00,1 (2019),"$2,000,000 ","$2,000,000 ",-0.6,0
384,Derek Dietrich,CIN,LF,2000000.00,1 (2019),"$2,000,000 ","$2,000,000 ",1.1,0
384,Aledmys Diaz,HOU,SS,2000000.00,1 (2019),"$2,000,000 ","$2,000,000 ",1.1,0
384,Logan Forsythe,TEX,2B,2000000.00,1 (2019),"$2,000,000 ","$2,000,000 ",0.2,0
384,Hunter Pence,TEX,LF,2000000.00,1 (2019),"$2,000,000 ","$2,000,000 ",1.8,0
398,Michael Lorenzen,CIN,RP,1950000.00,1 (2019),"$1,950,000 ","$1,950,000 ",1.1,83.1
398,Domingo Santana,SEA,LF,1950000.00,1 (2019),"$1,950,000 ","$1,950,000 ",0,0
400,Andrew Chafin,ARI,RP,1945000.00,1 (2019),"$1,945,000 ","$1,945,000 ",1,52.2
401,Lourdes Gurriel Jr.,TOR,2B,1928571.00,7 (2017-23),"$22,000,000 ","$3,142,857 ",1.8,0
402,Jose Alvarez,PHI,RP,1925000.00,1 (2019),"$1,925,000 ","$1,925,000 ",0.4,59
402,Devon Travis,TOR,2B,1925000.00,1 (2019),"$1,925,000 ","$1,925,000 ",,0
404,JC Ramirez,LAA,SP,1901000.00,1 (2019),"$1,901,000 ","$1,901,000 ",0,8
405,Archie Bradley,ARI,RP,1830000.00,1 (2019),"$1,830,000 ","$1,830,000 ",1.1,71.2
406,Hector Neris,PHI,RP,1800000.00,1 (2019),"$1,800,000 ","$1,800,000 ",1,67.2
406,Austin Romine,NYY,C,1800000.00,1 (2019),"$1,800,000 ","$1,800,000 ",0.8,1
406,Blake Parker,MIN,RP,1800000.00,1 (2019),"$1,800,000 ","$1,800,000 ",-0.1,61.1
406,Francisco Liriano,PIT,RP,1800000.00,1 (2019),"$1,800,000 ","$1,800,000 ",0.4,70
410,Tyler Thornburg,BOS,RP,1750000.00,1 (2019),"$1,750,000 ","$1,750,000 ",-0.1,18.2
410,Cam Bedrosian,LAA,RP,1750000.00,1 (2019),"$1,750,000 ","$1,750,000 ",0.8,61.1
410,Byron Buxton,MIN,CF,1750000.00,1 (2019),"$1,750,000 ","$1,750,000 ",2.7,0
410,Tim Beckham,SEA,SS,1750000.00,1 (2019),"$1,750,000 ","$1,750,000 ",0.4,0
410,Manny Pina,MIL,C,1750000.00,1 (2019),"$1,750,000 ","$1,750,000 ",1.1,0
410,Curtis Granderson,MIA,LF,1750000.00,1 (2019),"$1,750,000 ","$1,750,000 ",-1.4,0
410,Gerardo Parra,SF,RF,1750000.00,1 (2019),"$1,750,000 ","$1,750,000 ",-0.2,0
410,Yangervis Solarte,SF,3B,1750000.00,1 (2019),"$1,750,000 ","$1,750,000 ",-0.3,0
418,Kyle Barraclough,WSH,RP,1725000.00,1 (2019),"$1,725,000 ","$1,725,000 ",-0.7,33.2
419,Jose Leclerc,TEX,RP,1687500.00,4 (2019-22),"$14,750,000 ","$3,687,500 ",1.3,68.2
419,Chris Rusin,COL,RP,1687500.00,1 (2019),"$1,687,500 ","$1,687,500 ",-0.1,1
421,Luis Garcia,LAA,RP,1675000.00,1 (2019),"$1,675,000 ","$1,675,000 ",-0.6,62
422,Scott Kingery,PHI,2B,1666666.00,6 (2018-23),"$24,000,000 ","$4,000,000 ",2.7,0
423,Matt Barnes,BOS,RP,1600000.00,1 (2019),"$1,600,000 ","$1,600,000 ",1.3,64.1
423,Blake Snell,TB,SP,1600000.00,5 (2019-23),"$50,000,000 ","$10,000,000 ",2.7,107
423,Luis Avilan,NYM,RP,1600000.00,1 (2019),"$1,600,000 ","$1,600,000 ",-0.1,32
426,Leury Garcia,CWS,OF,1550000.00,1 (2019),"$1,550,000 ","$1,550,000 ",1.3,0
427,Taylor Rogers,MIN,RP,1525000.00,1 (2019),"$1,525,000 ","$1,525,000 ",2.1,69
427,Chris Devenski,HOU,RP,1525000.00,1 (2019),"$1,525,000 ","$1,525,000 ",0.2,69
427,Ryan Tepera,TOR,RP,1525000.00,1 (2019),"$1,525,000 ","$1,525,000 ",-0.2,21.2
430,Carl Edwards Jr.,CHC,RP,1500000.00,1 (2019),"$1,500,000 ","$1,500,000 ",-0.1,17
430,Cory Gearrin,SEA,RP,1500000.00,1 (2019),"$1,500,000 ","$1,500,000 ",0.3,55.1
430,Drew Pomeranz,SF,SP,1500000.00,1 (2019),"$1,500,000 ","$1,500,000 ",0.5,104
430,Brett Anderson,OAK,SP,1500000.00,1 (2019),"$1,500,000 ","$1,500,000 ",2.2,176
430,Matt Wieters,STL,C,1500000.00,1 (2019),"$1,500,000 ","$1,500,000 ",-0.3,0
430,Daniel Hudson,TOR,RP,1500000.00,1 (2019),"$1,500,000 ","$1,500,000 ",0.9,73
436,Robbie Erlin,SD,SP,1450000.00,1 (2019),"$1,450,000 ","$1,450,000 ",0.5,55.1
436,T.J. McFarland,ARI,RP,1450000.00,1 (2019),"$1,450,000 ","$1,450,000 ",-0.1,56
438,Tim Anderson,CWS,SS,1400000.00,6 (2017-22),"$25,000,000 ","$4,166,667 ",3.5,0
438,Ryan Buchter,OAK,RP,1400000.00,1 (2019),"$1,400,000 ","$1,400,000 ",-0.1,45.1
438,Hansel Robles,LAA,RP,1400000.00,1 (2019),"$1,400,000 ","$1,400,000 ",1.8,72.2
438,Delino DeShields,TEX,CF,1400000.00,1 (2019),"$1,400,000 ","$1,400,000 ",0.8,0
438,Aaron Loup,SD,RP,1400000.00,1 (2019),"$1,400,000 ","$1,400,000 ",0.1,3.1
443,Charlie Culberson,ATL,SS,1395000.00,1 (2019),"$1,395,000 ","$1,395,000 ",0.3,2
444,Tommy Kahnle,NYY,RP,1387500.00,1 (2019),"$1,387,500 ","$1,387,500 ",1.1,61.1
445,Steven Wright,BOS,SP,1375000.00,1 (2019),"$1,375,000 ","$1,375,000 ",-0.3,6.1
446,Dan Otero,CLE,RP,1350000.00,2 (2018-19),"$2,500,000 ","$1,250,000 ",-0.1,29.2
446,Aaron Altherr,PHI,RF,1350000.00,1 (2019),"$1,350,000 ","$1,350,000 ",-0.9,1
446,Tommy La Stella,LAA,2B,1350000.00,1 (2019),"$1,350,000 ","$1,350,000 ",2,0
449,Heath Hembree,BOS,RP,1312500.00,1 (2019),"$1,312,500 ","$1,312,500 ",0.1,39.2
450,Blaine Hardy,DET,RP,1300000.00,1 (2019),"$1,300,000 ","$1,300,000 ",-0.3,44.1
450,Scott Oberg,COL,RP,1300000.00,1 (2019),"$1,300,000 ","$1,300,000 ",1.1,56
450,Brandon Drury,TOR,3B,1300000.00,1 (2019),"$1,300,000 ","$1,300,000 ",-0.6,0
450,Ehire Adrianza,MIN,SS,1300000.00,1 (2019),"$1,300,000 ","$1,300,000 ",0.6,1
450,Hunter Strickland,SEA,RP,1300000.00,1 (2019),"$1,300,000 ","$1,300,000 ",-0.4,24.1
450,Jeremy Hellickson,WSH,RP,1300000.00,1 (2019),"$1,300,000 ","$1,300,000 ",0,39
456,Daniel Norris,DET,SP,1275000.00,1 (2019),"$1,275,000 ","$1,275,000 ",1.9,144.1
456,Chaz Roe,TB,RP,1275000.00,1 (2019),"$1,275,000 ","$1,275,000 ",0.9,51
456,Alex Claudio,MIL,RP,1275000.00,1 (2019),"$1,275,000 ","$1,275,000 ",-0.2,62
459,Dominic Leone,STL,RP,1260000.00,1 (2019),"$1,260,000 ","$1,260,000 ",-0.3,40.2
460,Tony Sipp,WSH,RP,1250000.00,1 (2019),"$1,250,000 ","$1,250,000 ",0.3,21
460,Nick Hundley,OAK,C,1250000.00,1 (2019),"$1,250,000 ","$1,250,000 ",-0.3,0
460,Matt Joyce,ATL,OF,1250000.00,1 (2019),"$1,250,000 ","$1,250,000 ",1.2,0
460,Lucas Duda,KC,1B,1250000.00,1 (2019),"$1,250,000 ","$1,250,000 ",-1,0
460,Josh Tomlin,ATL,RP,1250000.00,1 (2019),"$1,250,000 ","$1,250,000 ",0.1,79.1
465,Greg Bird,NYY,1B,1200000.00,1 (2019),"$1,200,000 ","$1,200,000 ",-0.1,0
465,Erik Kratz,SF,C,1200000.00,1 (2019),"$1,200,000 ","$1,200,000 ",-0.4,0
467,Whit Merrifield,KC,2B,1187500.00,4 (2019-22),"$16,250,000 ","$4,062,500 ",2.9,0
468,Brandon Lowe,TB,2B,1166666.00,6 (2019-24),"$24,000,000 ","$4,000,000 ",2.6,0
469,Travis Jankowski,SD,OF,1165000.00,1 (2019),"$1,165,000 ","$1,165,000 ",-0.1,0
470,Brandon Workman,BOS,RP,1150000.00,1 (2019),"$1,150,000 ","$1,150,000 ",2.1,71.2
470,Melky Cabrera,PIT,LF,1150000.00,1 (2019),"$1,150,000 ","$1,150,000 ",-0.7,0
472,Kevin Plawecki,CLE,C,1137500.00,1 (2019),"$1,137,500 ","$1,137,500 ",0.2,2
473,Jose Martinez,STL,LF,1125000.00,2 (2019-20),"$3,250,000 ","$1,625,000 ",0.3,0
473,Adam Conley,MIA,RP,1125000.00,1 (2019),"$1,125,000 ","$1,125,000 ",-0.4,60.2
475,Adam Morgan,PHI,RP,1100000.00,1 (2019),"$1,100,000 ","$1,100,000 ",0.3,29.2
476,Josh Phegley,OAK,C,1075000.00,1 (2019),"$1,075,000 ","$1,075,000 ",0.3,0
476,Nick Tropeano,LAA,SP,1075000.00,1 (2019),"$1,075,000 ","$1,075,000 ",-0.4,13.2
478,Neil Ramirez,CLE,RP,1000000.00,1 (2019),"$1,000,000 ","$1,000,000 ",-0.3,25
478,Brad Miller,CLE,2B,1000000.00,1 (2019),"$1,000,000 ","$1,000,000 ",1.2,0
478,Mark Reynolds,COL,1B,1000000.00,1 (2019),"$100,000 ","$100,000 ",-0.8,1
478,Chris Herrmann,OAK,C,1000000.00,1 (2019),"$1,000,000 ","$1,000,000 ",-0.3,0
478,Jeanmar Gomez,TEX,RP,1000000.00,1 (2019),"$1,000,000 ","$1,000,000 ",0,15.1
478,Peter Bourjos,LAA,OF,1000000.00,1 (2019),"$1,000,000 ","$1,000,000 ",-0.5,0
478,Hanley Ramirez,CLE,DH,1000000.00,1 (2019),"$1,000,000 ","$1,000,000 ",-0.2,0
485,Tony Wolters,COL,C,960000.00,1 (2019),"$960,000 ","$960,000 ",-0.5,0
486,Curt Casali,CIN,C,950000.00,1 (2019),"$950,000 ","$950,000 ",1,0
487,Matt Andriese,ARI,RP,920000.00,1 (2019),"$920,000 ","$920,000 ",0.6,70.2
488,Blake Swihart,BOS,C,910000.00,1 (2019),"$910,000 ","$910,000 ",-0.5,0
488,Roenis Elias,SEA,RP,910000.00,1 (2019),"$910,000 ","$910,000 ",-0.1,50
488,Greg Garcia,SD,2B,910000.00,1 (2019),"$910,000 ","$910,000 ",1.4,0
491,John Ryan Murphy,ARI,C,900000.00,1 (2019),"$900,000 ","$900,000 ",0,3
491,Joe Biagini,TOR,RP,900000.00,1 (2019),"$900,000 ","$900,000 ",-0.2,64.2
491,Trevor May,MIN,RP,900000.00,1 (2019),"$900,000 ","$900,000 ",0.9,64.1
491,Marco Gonzales,SEA,SP,900000.00,2 (2019-20),"$1,900,000 ","$950,000 ",3.8,203
491,Xavier Cedeno,CHC,RP,900000.00,1 (2019),"$900,000 ","$900,000 ",0,2
496,Jesus Sucre,BAL,C,850000.00,1 (2019),"$850,000 ","$850,000 ",-0.2,1
496,Ji-Man Choi,TB,1B,850000.00,1 (2019),"$850,000 ","$850,000 ",1.9,0
498,Nathan Karns,BAL,RP,800000.00,1 (2019),"$800,000 ","$800,000 ",0.1,5.1
498,Jesse Hahn,KC,SP,800000.00,1 (2019),"$800,000 ","$800,000 ",-0.1,4.2
498,Brian Flynn,KC,RP,800000.00,1 (2019),"$800,000 ","$800,000 ",0,29.1
501,Guillermo Heredia,TB,OF,782000.00,1 (2019),"$782,000 ","$782,000 ",0.3,0
502,Tony Barnette,CHC,RP,750000.00,1 (2019),"$750,000 ","$750,000 ",-0.1,1.1
502,Alex Wilson,MIL,RP,750000.00,1 (2019),"$750,000 ","$750,000 ",-0.3,11.1
504,Andrew Benintendi,BOS,LF,717500.00,1 (2019),"$717,500 ","$717,500 ",2,0
505,Yimi Garcia,LAD,RP,710000.00,1 (2019),"$710,000 ","$710,000 ",-0.3,62.1
506,Gordon Beckham,DET,2B,700000.00,1 (2019),"$700,000 ","$700,000 ",-0.1,0
506,JB Shuck,PIT,OF,700000.00,1 (2019),"$700,000 ","$700,000 ",-0.1,1
508,Josh Hader,MIL,RP,687600.00,1 (2019),"$687,600 ","$687,600 ",2.3,75.2
509,Aaron Judge,NYY,RF,684300.00,1 (2019),"$684,300 ","$684,300 ",4.6,0
510,Willson Contreras,CHC,C,684000.00,1 (2019),"$684,000 ","$684,000 ",2.7,0
511,Niko Goodrum,DET,2B,670500.00,1 (2019),"$670,500 ","$670,500 ",1.9,0
512,Gary Sanchez,NYY,C,669800.00,1 (2019),"$669,800 ","$669,800 ",2.3,0
513,Shohei Ohtani,LAA,SP,650000.00,1 (2019),"$650,000 ","$650,000 ",1.8,0
513,Richard Rodriguez,PIT,RP,650000.00,1 (2019),"$650,000 ","$650,000 ",-0.3,65.1
513,Scott Barlow,KC,SP,650000.00,1 (2019),"$650,000 ","$650,000 ",1.1,70.1
513,Terrance Gore,KC,OF,650000.00,1 (2019),"$650,000 ","$650,000 ",0.6,0
517,Alex Bregman,HOU,3B,640500.00,1 (2019),"$640,500 ","$640,500 ",8.5,0
518,Jesus Aguilar,MIL,1B,637500.00,1 (2019),"$637,500 ","$637,500 ",-0.1,0
519,Scott Schebler,CIN,CF,625000.00,1 (2019),"$625,000 ","$625,000 ",-0.6,0
520,Jose Berrios,MIN,SP,620000.00,1 (2019),"$620,000 ","$620,000 ",4.4,200.1
521,Miguel Andujar,NYY,3B,617600.00,1 (2019),"$617,600 ","$617,600 ",-1,0
522,Albert Almora Jr.,CHC,OF,615500.00,1 (2019),"$615,500 ","$615,500 ",-0.7,0
523,Rafael Devers,BOS,3B,614500.00,1 (2019),"$614,500 ","$614,500 ",5.9,0
524,Zac Rosscup,SEA,RP,610000.00,1 (2019),"$610,000 ","$610,000 ",0,18
525,Zack Godley,ARI,SP,609400.00,1 (2019),"$609,400 ","$609,400 ",0,92
526,Edwin Diaz,NYM,RP,607425.00,1 (2019),"$607,425 ","$607,425 ",0,58
527,Joey Gallo,TEX,LF,605500.00,1 (2019),"$605,500 ","$605,500 ",3.3,0
528,Gleyber Torres,NYY,2B,605200.00,1 (2019),"$605,200 ","$605,200 ",3.6,0
529,Cody Bellinger,LAD,RF,605000.00,1 (2019),"$605,000 ","$605,000 ",7.8,0
530,Chad Green,NYY,RP,598650.00,1 (2019),"$598,650 ","$598,650 ",1.6,69
531,Brandon Nimmo,NYM,LF,598285.00,1 (2019),"$598,285 ","$598,285 ",1.3,0
532,Nick Pivetta,PHI,SP,598000.00,1 (2019),"$598,000 ","$598,000 ",-0.1,93.2
533,Jordan Montgomery,NYY,SP,596600.00,1 (2019),"$596,600 ","$596,600 ",0.1,4
534,Ross Stripling,LAD,SP,595000.00,1 (2019),"$595,000 ","$595,000 ",1.9,90.2
535,Justin Miller,WSH,RP,593200.00,1 (2019),"$593,200 ","$593,200 ",-0.3,15.2
536,Mike Clevinger,CLE,SP,592200.00,1 (2019),"$592,200 ","$592,200 ",4.5,126
537,Seth Lugo,NYM,RP,591875.00,1 (2019),"$591,875 ","$591,875 ",2.3,80
538,Max Stassi,HOU,C,590100.00,1 (2019),"$590,100 ","$590,100 ",-0.3,0.1
538,Mitch Haniger,SEA,LF,590100.00,1 (2019),"$590,100 ","$590,100 ",1.1,0
540,Zach Eflin,PHI,SP,590000.00,1 (2019),"$590,000 ","$590,000 ",1.5,163.1
541,Jameson Taillon,PIT,SP,587500.00,1 (2019),"$587,500 ","$587,500 ",0.9,37.1
542,Josh Bell,PIT,1B,587000.00,1 (2019),"$587,000 ","$587,000 ",2.5,0
543,Brian Anderson,MIA,3B,585000.00,1 (2019),"$585,000 ","$585,000 ",3.1,0
543,Dansby Swanson,ATL,SS,585000.00,1 (2019),"$585,000 ","$585,000 ",1.5,0
543,Luke Jackson,ATL,RP,585000.00,1 (2019),"$585,000 ","$585,000 ",1.2,72.2
546,Adam Frazier,PIT,2B,584000.00,1 (2019),"$584,000 ","$584,000 ",2.2,0
546,Trevor Williams,PIT,SP,584000.00,1 (2019),"$584,000 ","$584,000 ",1.1,145.2
548,Tony Kemp,HOU,LF,583600.00,1 (2019),"$583,600 ","$583,600 ",0.3,0
549,Brian Goodwin,LAA,LF,583500.00,1 (2019),"$583,500 ","$583,500 ",1.9,0
550,Tyler White,HOU,1B,582900.00,1 (2019),"$582,900 ","$582,900 ",-1,3.1
551,Robert Gsellman,NYM,RP,582500.00,1 (2019),"$582,500 ","$582,500 ",0.4,63.2
551,Joe Musgrove,PIT,SP,582500.00,1 (2019),"$582,500 ","$582,500 ",3.5,170.1
553,Hunter Renfroe,SD,RF,582100.00,1 (2019),"$582,100 ","$582,100 ",1.9,0
554,Matt Strahm,SD,SP,581700.00,1 (2019),"$581,700 ","$581,700 ",1.6,114.2
555,Kyle Crick,PIT,RP,581500.00,1 (2019),"$581,500 ","$581,500 ",-0.7,49
555,Edgar Santana,PIT,RP,581500.00,1 (2019),"$581,500 ","$581,500 ",,0
557,Luke Weaver,ARI,SP,581300.00,1 (2019),"$581,300 ","$581,300 ",1.8,64.1
558,Omar Narvaez,SEA,C,581200.00,1 (2019),"$581,200 ","$581,200 ",1.8,0
559,Wilmer Difo,WSH,2B,581100.00,1 (2019),"$581,100 ","$581,100 ",-0.2,0
560,Jonathan Holder,NYY,RP,580300.00,1 (2019),"$580,300 ","$580,300 ",0.4,41.1
561,Matt Chapman,OAK,3B,580000.00,1 (2019),"$580,000 ","$580,000 ",6.1,0
561,Jesse Winker,CIN,LF,580000.00,1 (2019),"$580,000 ","$580,000 ",1,0
561,Reynaldo Lopez,CWS,SP,580000.00,1 (2019),"$580,000 ","$580,000 ",2.3,184
564,Ryon Healy,SEA,3B,579800.00,1 (2019),"$579,800 ","$579,800 ",-0.1,0
565,Colin Moran,PIT,3B,579500.00,1 (2019),"$579,500 ","$579,500 ",0.1,0
565,Sam Gaviglio,TOR,RP,579500.00,1 (2019),"$579,500 ","$579,500 ",0.1,95.2
567,Luke Maile,TOR,C,579000.00,1 (2019),"$579,000 ","$579,000 ",-0.3,2
568,Luis Cessa,NYY,SP,578975.00,1 (2019),"$578,975 ","$578,975 ",0.1,81
569,Teoscar Hernandez,TOR,LF,578600.00,1 (2019),"$578,600 ","$578,600 ",1.2,0
570,Elias Diaz,PIT,C,578500.00,1 (2019),"$578,500 ","$578,500 ",-1.5,0
571,Mallex Smith,SEA,CF,578400.00,1 (2019),"$578,400 ","$578,400 ",0,0
572,Harrison Bader,STL,CF,578300.00,1 (2019),"$578,300 ","$578,300 ",1.8,0
572,Juan Soto,WSH,LF,578300.00,1 (2019),"$578,300 ","$578,300 ",4.8,0
574,Jakob Junis,KC,SP,578250.00,1 (2019),"$578,250 ","$578,250 ",1.5,175.1
574,Kevin McCarthy,KC,RP,578250.00,1 (2019),"$578,250 ","$578,250 ",0.5,60.1
576,Brad Keller,KC,SP,578175.00,1 (2019),"$578,175 ","$578,175 ",2.2,165.1
577,Hanser Alberto,BAL,3B,578000.00,1 (2019),"$578,000 ","$578,000 ",1.8,1
577,Chad Kuhl,PIT,SP,578000.00,1 (2019),"$578,000 ","$578,000 ",,0
579,Domingo German,NYY,RP,577500.00,1 (2019),"$577,500 ","$577,500 ",1.9,143
579,Ryan Brasier,BOS,RP,577500.00,1 (2019),"$577,500 ","$577,500 ",0.3,55.2
581,Manuel Margot,SD,CF,577100.00,1 (2019),"$577,100 ","$577,100 ",1.6,0
582,Erik Gonzalez,PIT,SS,577000.00,1 (2019),"$577,000 ","$577,000 ",-0.1,0
583,Matt Grace,WSH,RP,576400.00,1 (2019),"$576,400 ","$576,400 ",-0.3,46.2
584,Adalberto Mondesi,KC,SS,576000.00,1 (2019),"$576,000 ","$576,000 ",2.4,0
585,Amed Rosario,NYM,SS,575500.00,1 (2019),"$575,500 ","$575,500 ",2.7,0
585,Trey Mancini,BAL,LF,575500.00,1 (2019),"$575,500 ","$575,500 ",3.6,0
587,Ozzie Albies,ATL,2B,575000.00,1 (2019),"$575,000 ","$575,000 ",4.6,0
587,Jesse Biddle,ATL,RP,575000.00,1 (2019),"$575,000 ","$575,000 ",-0.4,28
587,Rhys Hoskins,PHI,1B,575000.00,1 (2019),"$575,000 ","$575,000 ",2.2,0
587,Johan Camargo,ATL,3B,575000.00,0 (2019),"$575,000 ",$NaN,-0.5,0
587,Sean Newcomb,ATL,SP,575000.00,1 (2019),"$575,000 ","$575,000 ",0.3,68.1
587,Shane Carle,ATL,RP,575000.00,1 (2019),"$575,000 ","$575,000 ",-0.4,9.1
587,A.J. Minter,ATL,RP,575000.00,1 (2019),"$575,000 ","$575,000 ",-0.1,29.1
587,Brian Johnson,BOS,RP,575000.00,1 (2019),"$575,000 ","$575,000 ",0,40.1
587,Kendall Graveman,CHC,SP,575000.00,1 (2019),"$575,000 ","$575,000 ",,0
587,Yoan Moncada,CWS,3B,575000.00,1 (2019),"$575,000 ","$575,000 ",5.7,0
587,Max Muncy,LAD,1B,575000.00,1 (2019),"$575,000 ","$575,000 ",4.8,0
587,Austin Barnes,LAD,C,575000.00,1 (2019),"$575,000 ","$575,000 ",0.7,0
587,Scott Alexander,LAD,RP,575000.00,1 (2019),"$575,000 ","$575,000 ",-0.2,17.1
587,Drew Steckenrider,MIA,RP,575000.00,1 (2019),"$575,000 ","$575,000 ",-0.5,14.1
587,Mitch Garver,MIN,C,575000.00,1 (2019),"$575,000 ","$575,000 ",3.9,0
587,Nick Williams,PHI,RF,575000.00,1 (2019),"$575,000 ","$575,000 ",-0.9,0
587,Brandon Brennan,SEA,RP,575000.00,1 (2019),"$575,000 ","$575,000 ",0.1,47.1
587,Luke Bard,LAA,RP,575000.00,1 (2019),"$575,000 ","$575,000 ",0.1,49
587,Matt Olson,OAK,1B,575000.00,1 (2019),"$575,000 ","$575,000 ",3.9,0
606,Tyler Naquin,CLE,RF,574800.00,1 (2019),"$574,800 ","$574,800 ",1.5,0
607,Silvino Bracho,ARI,RP,574600.00,1 (2019),"$574,600 ","$574,600 ",,0
608,Steven Brault,PIT,RP,574500.00,1 (2019),"$574,500 ","$574,500 ",1.9,113.1
608,Mikie Mahtook,DET,CF,574500.00,1 (2019),"$574,500 ","$574,500 ",-0.6,0
610,Edubray Ramos,PHI,RP,573500.00,1 (2019),"$573,500 ","$573,500 ",-0.3,15
610,Jose Osuna,PIT,1B,573500.00,1 (2019),"$573,500 ","$573,500 ",-0.1,2.1
612,Luke Voit,NYY,1B,573200.00,1 (2019),"$573,200 ","$573,200 ",1.7,0
613,Tim Hill,KC,RP,573175.00,1 (2019),"$573,175 ","$573,175 ",0.5,39.2
614,Lucas Giolito,CWS,SP,573000.00,1 (2019),"$573,000 ","$573,000 ",5.1,176.2
615,Richard Bleier,BAL,RP,572500.00,1 (2019),"$572,500 ","$572,500 ",0.5,55.1
615,Kevan Smith,LAA,C,572500.00,1 (2019),"$572,500 ","$572,500 ",-0.2,0
615,Jake Cave,MIN,OF,572500.00,1 (2019),"$572,500 ","$572,500 ",0.9,0
615,Trevor Hildenberger,MIN,RP,572500.00,1 (2019),"$572,500 ","$572,500 ",0,16.1
619,Keon Broxton,NYM,CF,571765.00,1 (2019),"$571,765 ","$571,765 ",-0.8,0
620,John Gant,STL,SP,571300.00,1 (2019),"$571,300 ","$571,300 ",0.9,66.1
621,Adam Engel,CWS,CF,571000.00,1 (2019),"$571,000 ","$571,000 ",0.8,0
621,Dylan Covey,CWS,RP,571000.00,1 (2019),"$571,000 ","$571,000 ",-0.1,58.2
623,Buck Farmer,DET,RP,570800.00,1 (2019),"$570,800 ","$570,800 ",0.9,67.2
624,Jose Alvarado,TB,RP,570600.00,1 (2019),"$570,600 ","$570,600 ",0.2,30
625,Max Moroff,CLE,2B,570500.00,1 (2019),"$570,500 ","$570,500 ",-0.2,0
625,Franmil Reyes,SD,RF,570500.00,1 (2019),"$570,500 ","$570,500 ",1,0
627,Joey Wendle,TB,3B,570400.00,1 (2019),"$570,400 ","$570,400 ",0.6,0
628,Daniel Robertson,TB,2B,570300.00,1 (2019),"$570,300 ","$570,300 ",-0.3,1
629,Jorge Alfaro,MIA,C,570000.00,1 (2019),"$570,000 ","$570,000 ",1.3,0
629,Walker Buehler,LAD,SP,570000.00,1 (2019),"$570,000 ","$570,000 ",4.9,182.1
629,Joey Rickard,BAL,RF,570000.00,1 (2019),"$570,000 ","$570,000 ",-0.1,0
629,Tyler Mahle,CIN,SP,570000.00,1 (2019),"$570,000 ","$570,000 ",1.2,129.2
629,Wandy Peralta,CIN,RP,570000.00,1 (2019),"$570,000 ","$570,000 ",-0.7,39.2
629,Lewis Brinson,MIA,CF,570000.00,1 (2019),"$570,000 ","$570,000 ",-1.7,0
629,Trevor Richards,MIA,SP,570000.00,1 (2019),"$570,000 ","$570,000 ",1.5,135.1
636,Ronald Guzman,TEX,1B,569500.00,1 (2019),"$569,500 ","$569,500 ",-0.3,0
636,Victor Caratini,CHC,C,569500.00,1 (2019),"$569,500 ","$569,500 ",1.3,2
636,Isiah Kiner-Falefa,TEX,C,569500.00,1 (2019),"$569,500 ","$569,500 ",-1,0
639,John Brebbia,STL,RP,569300.00,1 (2019),"$569,300 ","$569,300 ",1.4,72.2
640,Joe Jimenez,DET,RP,569200.00,1 (2019),"$569,200 ","$569,200 ",0.3,59.2
641,Miguel Castro,BAL,RP,569000.00,1 (2019),"$569,000 ","$569,000 ",0.4,73.1
641,Jace Fry,CWS,RP,569000.00,1 (2019),"$569,000 ","$569,000 ",0,55
641,Felix Pena,LAA,SP,569000.00,1 (2019),"$569,000 ","$569,000 ",0.6,96.1
641,Noe Ramirez,LAA,RP,569000.00,1 (2019),"$569,000 ","$569,000 ",0.9,67.2
641,Nick Kingham,PIT,RP,569000.00,1 (2019),"$569,000 ","$569,000 ",-0.2,55.2
641,Dovydas Neverauskas,PIT,RP,569000.00,1 (2019),"$569,000 ","$569,000 ",-0.2,9.1
647,Tyler Austin,MIN,1B,568600.00,1 (2019),"$568,600 ","$568,600 ",0.3,0
647,Sam Tuivailala,SEA,RP,568600.00,1 (2019),"$568,600 ","$568,600 ",0.5,23
649,Hector Velazquez,BOS,RP,568500.00,1 (2019),"$568,500 ","$568,500 ",0.2,56.1
650,Brent Suter,MIL,SP,568300.00,1 (2019),"$568,300 ","$568,300 ",0.5,18.1
650,Tim Mayza,TOR,RP,568300.00,1 (2019),"$568,300 ","$568,300 ",0,51.1
652,Eric Skoglund,KC,SP,568175.00,1 (2019),"$568,175 ","$568,175 ",-0.3,21
653,Jeff McNeil,NYM,3B,567714.00,1 (2019),"$567,714 ","$567,714 ",4.6,0
654,Ben Gamel,MIL,OF,567700.00,1 (2019),"$567,700 ","$567,700 ",0.9,0
655,Matt Koch,ARI,RP,567600.00,1 (2019),"$567,600 ","$567,600 ",-0.6,20.2
655,Jacob Barnes,MIL,RP,567600.00,1 (2019),"$567,600 ","$567,600 ",-0.5,32.2
657,Amir Garrett,CIN,RP,567500.00,1 (2019),"$567,500 ","$567,500 ",0.4,56
657,Mike Wright Jr.,BAL,SP,567500.00,1 (2019),"$567,500 ","$567,500 ",-0.1,29.1
657,Reyes Moronta,SF,RP,567500.00,1 (2019),"$567,500 ","$567,500 ",0.7,56.2
657,Chris Stratton,LAA,SP,567500.00,1 (2019),"$567,500 ","$567,500 ",0.2,76
657,Trevor Gott,SF,RP,567500.00,1 (2019),"$567,500 ","$567,500 ",0.9,52.2
662,Drew VerHagen,DET,RP,567400.00,1 (2019),"$567,400 ","$567,400 ",0.2,58
663,Hunter Dozier,KC,3B,567225.00,1 (2019),"$567,225 ","$567,225 ",3,0
664,JaCoby Jones,DET,CF,567100.00,1 (2019),"$567,100 ","$567,100 ",-0.2,0
664,John Hicks,DET,C,567100.00,1 (2019),"$567,100 ","$567,100 ",-1.2,0
666,Daniel Palka,CWS,OF,567000.00,1 (2019),"$567,000 ","$567,000 ",-1.3,0
667,Joshua James,HOU,RP,566800.00,1 (2019),"$566,800 ","$566,800 ",0.5,61.1
668,Tyler Glasnow,TB,SP,566700.00,1 (2019),"$566,700 ","$566,700 ",2.3,60.2
668,Dinelson Lamet,SD,SP,566700.00,1 (2019),"$566,700 ","$566,700 ",1.3,73
670,Framber Valdez,HOU,RP,566600.00,1 (2019),"$566,600 ","$566,600 ",0.1,70.2
670,Daniel Stumpf,DET,RP,566600.00,1 (2019),"$566,600 ","$566,600 ",0,29
672,Orlando Arcia,MIL,SS,565700.00,1 (2019),"$565,700 ","$565,700 ",-0.4,0
673,Pablo Reyes,PIT,OF,565500.00,1 (2019),"$565,500 ","$565,500 ",-0.5,0
674,Ryan Borucki,TOR,SP,565200.00,1 (2019),"$565,200 ","$565,200 ",-0.2,6.2
675,Joey Lucchesi,SD,SP,565100.00,1 (2019),"$565,100 ","$565,100 ",1.8,163.2
676,Dylan Moore,SEA,3B,565000.00,1 (2019),"$565,000 ","$565,000 ",0.4,1
676,Dylan Floro,LAD,RP,565000.00,1 (2019),"$565,000 ","$565,000 ",0.6,46.2
676,Max Fried,ATL,RP,565000.00,1 (2019),"$565,000 ","$565,000 ",3.5,165.2
676,German Marquez,COL,SP,565000.00,1 (2019),"$565,000 ","$565,000 ",3.8,174
676,Julio Urias,LAD,SP,565000.00,1 (2019),"$565,000 ","$565,000 ",1.6,79.2
676,Bryse Wilson,ATL,SP,565000.00,1 (2019),"$565,000 ","$565,000 ",-0.2,20
676,Kyle Wright,ATL,SP,565000.00,1 (2019),"$565,000 ","$565,000 ",-0.3,19.2
676,Chad Sobotka,ATL,RP,565000.00,1 (2019),"$565,000 ","$565,000 ",-0.3,29
676,Wes Parsons,ATL,RP,565000.00,1 (2019),"$565,000 ","$565,000 ",-0.7,34.2
676,Kyle Freeland,COL,SP,565000.00,1 (2019),"$565,000 ","$565,000 ",0,104.1
676,Chad Pinder,OAK,1B,565000.00,1 (2019),"$565,000 ","$565,000 ",0.8,0
676,Tayron Guerrero,MIA,RP,565000.00,1 (2019),"$565,000 ","$565,000 ",-0.6,46
676,Jharel Cotton,OAK,SP,565000.00,1 (2019),"$565,000 ","$565,000 ",,0
676,Andrew Knapp,PHI,C,565000.00,1 (2019),"$565,000 ","$565,000 ",0.2,0
676,Chris Bassitt,OAK,RP,565000.00,1 (2019),"$565,000 ","$565,000 ",2,144
676,Brock Stewart,LAD,RP,565000.00,1 (2019),"$565,000 ","$565,000 ",-0.7,25.2
676,Robert Stephenson,CIN,SP,565000.00,0 (2019),"$565,000 ",$NaN,0.9,64.2
693,Alex Reyes,STL,SP,564600.00,1 (2019),"$564,600 ","$564,600 ",-0.3,3
693,Freddy Peralta,MIL,SP,564600.00,1 (2019),"$564,600 ","$564,600 ",0.9,85
695,Jordan Luplow,CLE,OF,564500.00,1 (2019),"$564,500 ","$564,500 ",2.2,0
696,Koda Glover,WSH,RP,564300.00,1 (2019),"$564,300 ","$564,300 ",,0
697,Ryne Stanek,TB,RP,564200.00,1 (2019),"$564,200 ","$564,200 ",0.7,77
698,Drew Robinson,STL,3B,564100.00,1 (2019),"$564,100 ","$564,100 ",-0.1,0
699,Marco Hernandez,BOS,3B,564000.00,1 (2019),"$564,000 ","$564,000 ",-0.4,0
699,Seranthony Dominguez,PHI,RP,564000.00,1 (2019),"$564,000 ","$564,000 ",0.2,24.2
699,Jacob Stallings,PIT,C,564000.00,1 (2019),"$564,000 ","$564,000 ",1.3,1
699,Tyler O'Neill,STL,OF,564000.00,1 (2019),"$564,000 ","$564,000 ",0,0
699,Randy Rosario,CHC,RP,564000.00,1 (2019),"$564,000 ","$564,000 ",0.1,14.1
704,Adam Cimber,CLE,RP,563800.00,1 (2019),"$563,800 ","$563,800 ",0.3,56.2
704,Taylor Williams,MIL,RP,563800.00,1 (2019),"$563,800 ","$563,800 ",0.1,14.2
706,Mike Mayers,STL,RP,563700.00,1 (2019),"$563,700 ","$563,700 ",-0.1,19
707,Pedro Severino,BAL,C,563500.00,1 (2019),"$563,500 ","$563,500 ",0.5,0
707,David Hess,BAL,SP,563500.00,1 (2019),"$563,500 ","$563,500 ",-0.8,80
707,Keynan Middleton,LAA,RP,563500.00,1 (2019),"$563,500 ","$563,500 ",0.1,7.2
710,Ryan Yarbrough,TB,SP,563400.00,1 (2019),"$563,400 ","$563,400 ",2.7,141.2
711,Phil Maton,SD,RP,562900.00,1 (2019),"$562,900 ","$562,900 ",-0.1,36.2
712,Corbin Burnes,MIL,SP,562800.00,1 (2019),"$562,800 ","$562,800 ",-0.2,49
712,Dalton Pompey,TOR,OF,562800.00,1 (2019),"$562,800 ","$562,800 ",,0
714,Eric Lauer,SD,SP,562500.00,1 (2019),"$562,500 ","$562,500 ",2.2,149.2
714,Wander Suero,WSH,RP,562500.00,1 (2019),"$562,500 ","$562,500 ",1.5,71.1
716,Willy Adames,TB,SS,562400.00,1 (2019),"$562,400 ","$562,400 ",2.8,0
717,Chasen Bradford,SEA,RP,562300.00,1 (2019),"$562,300 ","$562,300 ",-0.4,16.2
718,Jorge Lopez,KC,SP,562250.00,1 (2019),"$562,250 ","$562,250 ",-0.2,123.2
719,Jack Flaherty,STL,SP,562100.00,1 (2019),"$562,100 ","$562,100 ",5,196.1
720,Renato Nunez,BAL,3B,562000.00,1 (2019),"$562,000 ","$562,000 ",0.6,0
720,Yairo Munoz,STL,SS,562000.00,1 (2019),"$562,000 ","$562,000 ",-0.2,0
720,Richard Urena,TOR,SS,562000.00,1 (2019),"$562,000 ","$562,000 ",-0.3,1
723,Yonny Chirinos,TB,SP,561800.00,1 (2019),"$561,800 ","$561,800 ",1.4,133.1
724,David Bote,CHC,3B,561500.00,1 (2019),"$561,500 ","$561,500 ",1.5,0
724,David Fletcher,LAA,SS,561500.00,1 (2019),"$561,500 ","$561,500 ",3.4,0
724,Justin Anderson,LAA,RP,561500.00,1 (2019),"$561,500 ","$561,500 ",0.3,47
724,Diego Castillo,TB,RP,561500.00,1 (2019),"$561,500 ","$561,500 ",1,68.2
728,J.D. Davis,NYM,3B,561420.00,1 (2019),"$561,420 ","$561,420 ",2.4,0
729,Brandon Woodruff,MIL,SP,561400.00,1 (2019),"$561,400 ","$561,400 ",3.8,121.2
730,Dereck Rodriguez,SF,SP,561250.00,1 (2019),"$561,250 ","$561,250 ",-0.6,99
731,Bradley Zimmer,CLE,CF,561200.00,1 (2019),"$561,200 ","$561,200 ",-0.3,0
732,Socrates Brito,SD,RF,561000.00,1 (2019),"$561,000 ","$561,000 ",-0.7,0
733,Tyler Olson,CLE,RP,560900.00,1 (2019),"$560,900 ","$560,900 ",0.1,30.2
734,Adam Kolarek,TB,RP,560800.00,1 (2019),"$560,800 ","$560,800 ",0.2,55
735,Jake Bauers,CLE,LF,560400.00,1 (2019),"$560,400 ","$560,400 ",-0.4,0
735,Greg Allen,CLE,OF,560400.00,1 (2019),"$560,400 ","$560,400 ",0.1,0
735,Miguel Diaz,SD,RP,560400.00,1 (2019),"$560,400 ","$560,400 ",0,6.1
735,Wilmer Font,TB,RP,560400.00,1 (2019),"$560,400 ","$560,400 ",0.6,84.1
739,Jose Castillo,SD,RP,560300.00,1 (2019),"$560,300 ","$560,300 ",0,0.2
740,Franchy Cordero,SD,CF,560100.00,1 (2019),"$560,100 ","$560,100 ",0.2,0
740,Dwight Smith Jr.,BAL,OF,560100.00,1 (2019),"$560,100 ","$560,100 ",-0.8,0
740,Thomas Pannone,TOR,RP,560100.00,1 (2019),"$560,100 ","$560,100 ",0,73
743,Ronald Acuna Jr.,ATL,LF,560000.00,1 (2019),"$560,000 ","$560,000 ",5.6,0
743,Carson Kelly,ARI,C,560000.00,1 (2019),"$560,000 ","$560,000 ",1.9,0
743,David Dahl,COL,LF,560000.00,1 (2019),"$560,000 ","$560,000 ",1.4,0
743,Ryan McMahon,COL,2B,560000.00,1 (2019),"$560,000 ","$560,000 ",0.6,0
743,Raimel Tapia,COL,OF,560000.00,1 (2019),"$560,000 ","$560,000 ",-0.9,0
743,Antonio Senzatela,COL,SP,560000.00,1 (2019),"$560,000 ","$560,000 ",0.2,124.2
743,Jose Rondon,CWS,SS,560000.00,1 (2019),"$560,000 ","$560,000 ",-0.6,1
743,Alex Verdugo,LAD,OF,560000.00,1 (2019),"$560,000 ","$560,000 ",2.2,0
743,Caleb Ferguson,LAD,RP,560000.00,1 (2019),"$560,000 ","$560,000 ",-0.1,44.2
743,JT Riddle,MIA,SS,560000.00,1 (2019),"$560,000 ","$560,000 ",,0
743,Rosell Herrera,MIA,OF,560000.00,1 (2019),"$560,000 ","$560,000 ",-0.6,0
743,Willians Astudillo,MIN,C,560000.00,1 (2019),"$560,000 ","$560,000 ",-0.2,0
743,Adalberto Mejia,MIN,RP,560000.00,1 (2019),"$560,000 ","$560,000 ",0,31.1
743,Matt Magill,MIN,RP,560000.00,1 (2019),"$560,000 ","$560,000 ",0.6,50.2
743,Gabriel Moya,MIN,RP,560000.00,1 (2019),"$560,000 ","$560,000 ",,0
743,Daniel Gossett,OAK,SP,560000.00,1 (2019),"$560,000 ","$560,000 ",,0
743,Frankie Montas,OAK,SP,560000.00,1 (2019),"$560,000 ","$560,000 ",3,96
743,Aaron Brooks,OAK,SP,560000.00,1 (2019),"$560,000 ","$560,000 ",0.4,110
761,Robert Stock,SD,RP,559900.00,1 (2019),"$559,500 ","$559,500 ",-0.1,10.2
762,Christian Walker,ARI,1B,559800.00,1 (2019),"$559,800 ","$559,800 ",2.2,0
763,Shane Bieber,CLE,SP,559600.00,1 (2019),"$559,600 ","$559,600 ",5.5,214.1
764,Billy McKinney,TOR,OF,559400.00,1 (2019),"$559,400 ","$559,400 ",0,0
765,Dominic Smith,NYM,1B,559320.00,1 (2019),"$559,320 ","$559,320 ",0.8,0
766,Nick Rumbelow,SEA,RP,559300.00,1 (2019),"$559,300 ","$559,300 ",-0.3,1.1
767,Shawn Armstrong,SEA,RP,559100.00,1 (2019),"$559,100 ","$559,100 ",0.6,58
767,Dakota Hudson,STL,SP,559100.00,1 (2019),"$559,100 ","$559,100 ",0.7,174.2
767,Victor Alcantara,DET,RP,559100.00,1 (2019),"$559,100 ","$559,100 ",-0.3,42.2
767,Andrew Stevenson,WSH,OF,559100.00,1 (2019),"$559,100 ","$559,100 ",0.3,0
771,Paul Fry,BAL,RP,559000.00,1 (2019),"$559,000 ","$559,000 ",0.3,57.1
771,Jimmy Yacabonis,BAL,RP,559000.00,1 (2019),"$559,000 ","$559,000 ",-0.3,41
771,Manny Banuelos,CWS,RP,559000.00,1 (2019),"$559,000 ","$559,000 ",-0.4,50.2
771,Roman Quinn,PHI,OF,559000.00,1 (2019),"$559,000 ","$559,000 ",0.1,3.1
771,Nick Burdi,PIT,RP,559000.00,1 (2019),"$559,000 ","$559,000 ",0.3,8.2
776,Danny Jansen,TOR,C,558700.00,1 (2019),"$558,700 ","$558,700 ",1.4,0
777,Grayson Greiner,DET,C,558600.00,1 (2019),"$558,600 ","$558,600 ",-0.9,0
777,Daniel Vogelbach,SEA,1B,558600.00,1 (2019),"$558,600 ","$558,600 ",1.6,0
779,Rio Ruiz,BAL,3B,558500.00,1 (2019),"$558,500 ","$558,500 ",0.4,0
779,Sam Travis,BOS,1B,558500.00,1 (2019),"$558,500 ","$558,500 ",-0.9,0
779,David Freitas,SEA,C,558500.00,1 (2019),"$558,500 ","$558,500 ",-0.2,0
782,Bobby Wahl,MIL,RP,558400.00,0 (2019),"$558,400 ",$NaN,,0
782,Yandy Diaz,TB,3B,558400.00,1 (2019),"$558,400 ","$558,400 ",1.5,0
784,Steven Duggar,SF,CF,558125.00,1 (2019),"$558,125 ","$558,125 ",-0.5,0
785,Austin Wynns,BAL,C,558000.00,1 (2019),"$558,000 ","$558,000 ",-0.3,0
785,Jose De Leon,TB,RP,558000.00,1 (2019),"$558,000 ","$558,000 ",0,4
785,Yohander Mendez,TEX,SP,558000.00,1 (2019),"$558,000 ","$558,000 ",-0.1,4.2
785,Luke Farrell,TEX,RP,558000.00,1 (2019),"$558,000 ","$558,000 ",0,13.1
789,Victor Robles,WSH,CF,557800.00,1 (2019),"$557,800 ","$557,800 ",2.5,0
790,Ryan O'Hearn,KC,1B,557650.00,1 (2019),"$557,650 ","$557,650 ",-1,0
791,Cedric Mullins,BAL,CF,557500.00,1 (2019),"$557,500 ","$557,500 ",,0
791,Kyle Farmer,CIN,C,557500.00,1 (2019),"$557,500 ","$557,500 ",-0.1,1.1
791,Alex Blandino,CIN,3B,557500.00,1 (2019),"$557,500 ","$557,500 ",0.3,0
791,Taylor Cole,LAA,RP,557500.00,1 (2019),"$557,500 ","$557,500 ",0.9,51.2
791,Drew Smith,NYM,RP,557500.00,1 (2019),"$557,500 ","$557,500 ",,0
791,Nick Martini,OAK,OF,557500.00,1 (2019),"$557,500 ","$557,500 ",-0.2,1
791,Lou Trivino,OAK,RP,557500.00,1 (2019),"$557,500 ","$557,500 ",0.3,60
791,J.B. Wendelken,OAK,RP,557500.00,1 (2019),"$557,500 ","$557,500 ",0.6,32.2
791,Ramon Laureano,OAK,CF,557500.00,1 (2019),"$557,500 ","$557,500 ",3.9,0
791,Kevin Newman,PIT,SS,557500.00,1 (2019),"$557,500 ","$557,500 ",2.4,0
791,Michael Reed,SF,RF,557500.00,1 (2019),"$557,500 ","$557,500 ",-0.1,0
802,Austin Meadows,TB,RF,557400.00,1 (2019),"$557,400 ","$557,400 ",4,0
803,Stephen Tarpley,NYY,RP,557250.00,1 (2019),"$557,250 ","$557,250 ",-0.1,24.2
803,Ty Buttrey,LAA,RP,557250.00,1 (2019),"$557,250 ","$557,250 ",1.4,72.1
805,Trey Wingenter,SD,RP,557200.00,1 (2019),"$557,200 ","$557,200 ",0.7,51
806,Cam Gallagher,KC,C,557125.00,1 (2019),"$557,125 ","$557,125 ",0.3,0
807,Pedro Araujo,BAL,RP,557000.00,1 (2019),"$557,000 ","$557,000 ",-0.1,0.2
807,Colten Brewer,BOS,RP,557000.00,1 (2019),"$557,000 ","$557,000 ",0,54.2
807,Garrett Hampson,COL,2B,557000.00,1 (2019),"$557,000 ","$557,000 ",-0.2,0
807,DJ Johnson,COL,RP,557000.00,1 (2019),"$557,000 ","$557,000 ",,0
807,Harrison Musgrave,COL,RP,557000.00,1 (2019),"$557,000 ","$557,000 ",0.3,10
807,Mike Tauchman,NYY,OF,557000.00,1 (2019),"$557,000 ","$557,000 ",2.6,0
807,Jeffrey Springs,TEX,RP,557000.00,1 (2019),"$557,000 ","$557,000 ",0.1,32.1
814,Yoan Lopez,ARI,RP,556900.00,1 (2019),"$556,900 ","$556,900 ",-0.3,60.2
815,Jacob Nix,SD,SP,556800.00,1 (2019),"$556,800 ","$556,800 ",,0
815,Anthony Banda,TB,SP,556800.00,1 (2019),"$556,800 ","$556,800 ",0.1,4
817,Michael Perez,TB,C,556700.00,1 (2019),"$556,700 ","$556,700 ",0.1,0
818,Mark Zagunis,CHC,RF,556500.00,1 (2019),"$556,500 ","$556,500 ",-0.2,0
818,Caleb Smith,MIA,SP,556500.00,1 (2019),"$556,500 ","$556,500 ",1.4,153.1
818,Jalen Beeks,TB,RP,556500.00,1 (2019),"$556,500 ","$556,500 ",0.4,104.1
818,Jonathan Davis,TOR,OF,556500.00,1 (2019),"$556,500 ","$556,500 ",-0.1,0
818,Michael Hermosillo,LAA,OF,556500.00,1 (2019),"$556,500 ","$556,500 ",0.1,0
823,Christin Stewart,DET,LF,556400.00,1 (2019),"$556,400 ","$556,400 ",-1.2,0
824,Francisco Mejia,SD,C,556300.00,1 (2019),"$556,300 ","$556,300 ",0.5,0
824,Tomas Nido,NYM,C,556300.00,1 (2019),"$556,300 ","$556,300 ",-0.5,0
826,Spencer Turnbull,DET,SP,556100.00,1 (2019),"$556,100 ","$556,100 ",2.8,148.1
827,Ryan Burr,CWS,RP,556000.00,1 (2019),"$556,000 ","$556,000 ",0.1,19.2
827,Ian Hamilton,CWS,RP,556000.00,1 (2019),"$556,000 ","$556,000 ",,0
827,Brett Kennedy,SD,SP,556000.00,1 (2019),"$556,000 ","$556,000 ",,0
830,Luis Guillorme,NYM,2B,555960.00,1 (2019),"$555,960 ","$555,960 ",0.2,0
831,Jon Edwards,CLE,RP,555900.00,1 (2019),"$555,900 ","$555,900 ",-0.2,8
832,John Means,BAL,RP,555500.00,1 (2019),"$555,500 ","$555,500 ",3.2,155
832,Matt Festa,SEA,RP,555500.00,1 (2019),"$555,500 ","$555,500 ",,0
834,Trevor Oaks,KC,RP,555350.00,0 (2019),"$555,350 ",$NaN,,0
835,Gerson Bautista,SEA,RP,555200.00,1 (2019),"$555,200 ","$555,200 ",-0.2,9
836,Justin Williams,STL,OF,555100.00,0 (2019),"$555,100 ",$NaN,,0
837,Troy Tulowitzki,NYY,SS,555000.00,1 (2019),"$555,000 ","$555,000 ",0,0
837,Jordan Hicks,STL,RP,555000.00,1 (2019),"$555,000 ","$555,000 ",0.5,28.2
837,Chris Paddack,SD,SP,555000.00,1 (2019),"$555,000 ","$555,000 ",2.2,140.2
837,Richie Martin,BAL,SS,555000.00,1 (2019),"$555,000 ","$555,000 ",,0
837,Michael Kopech,CWS,SP,555000.00,1 (2019),"$555,000 ","$555,000 ",,0
837,Drew Jackson,BAL,SS,555000.00,1 (2019),"$555,000 ","$555,000 ",-0.1,0
837,Eric Stamets,CLE,SS,555000.00,1 (2019),"$555,000 ","$555,000 ",-0.7,0
837,Caleb Frare,CWS,RP,555000.00,1 (2019),"$555,000 ","$555,000 ",-0.1,2.2
837,Kyle Zimmer,KC,RP,555000.00,1 (2019),"$555,000 ","$555,000 ",-0.1,18.1
837,Chris Ellis,KC,RP,555000.00,1 (2019),"$555,000 ","$555,000 ",0,1
837,Ben Heller,NYY,RP,555000.00,1 (2019),"$555,000 ","$555,000 ",0.1,7.1
837,Garrett Cooper,MIA,RF,555000.00,1 (2019),"$555,000 ","$555,000 ",1.3,0
837,Chad Wallach,MIA,C,555000.00,1 (2019),"$555,000 ","$555,000 ",0.3,0
837,Pablo Lopez,MIA,SP,555000.00,1 (2019),"$555,000 ","$555,000 ",1.7,111.1
837,Sandy Alcantara,MIA,SP,555000.00,1 (2019),"$555,000 ","$555,000 ",2.1,197.1
837,Tyler Kinley,MIA,RP,555000.00,1 (2019),"$555,000 ","$555,000 ",-0.2,49.1
837,Nick Anderson,MIA,RP,555000.00,1 (2019),"$555,000 ","$555,000 ",2.1,65
837,Austin Brice,MIA,RP,555000.00,1 (2019),"$555,000 ","$555,000 ",-0.1,44.2
837,Julian Fernandez,MIA,RP,555000.00,1 (2019),"$555,000 ","$555,000 ",,0
837,Riley Ferrell,MIA,RP,555000.00,1 (2019),"$555,000 ","$555,000 ",,0
837,Reed Garrett,DET,RP,555000.00,1 (2019),"$555,000 ","$555,000 ",-0.2,15.1
837,Gregory Soto,DET,RP,555000.00,1 (2019),"$555,000 ","$555,000 ",0,57.2
837,Travis Bergen,SF,RP,555000.00,1 (2019),"$555,000 ","$555,000 ",-0.2,19.2
837,Connor Joe,SF,3B,555000.00,1 (2019),"$555,000 ","$555,000 ",-0.2,0
837,Scott Heineman,TEX,OF,555000.00,1 (2019),"$555,000 ","$555,000 ",-0.1,0
837,Trent Thornton,TOR,SP,555000.00,1 (2019),"$555,000 ","$555,000 ",2,154.1
837,Elvis Luciano,TOR,RP,555000.00,1 (2019),"$555,000 ","$555,000 ",-0.2,33.2
837,Kyle Dowdy,TEX,RP,555000.00,1 (2019),"$555,000 ","$555,000 ",-0.3,22.1
837,Ryan Cordell,CWS,OF,555000.00,1 (2019),"$555,000 ","$555,000 ",-0.2,0
837,Kyle Bird,TEX,RP,555000.00,1 (2019),"$555,000 ","$555,000 ",-0.6,12.2
837,Javy Guerra,TOR,RP,555000.00,1 (2019),"$555,000 ","$555,000 ",0.3,67.2
837,Fernando Tatis Jr.,SD,SS,555000.00,1 (2019),"$555,000 ","$555,000 ",3.6,0
837,Dustin Peterson,DET,OF,555000.00,1 (2019),"$555,000 ","$555,000 ",-0.2,0
837,Pete Alonso,NYM,1B,555000.00,1 (2019),"$555,000 ","$555,000 ",,0
837,Tim Peterson,NYM,RP,555000.00,1 (2019),"$555,000 ","$555,000 ",-0.2,7.1
837,Jake Noll,WSH,2B,555000.00,1 (2019),"$555,000 ","$555,000 ",-0.1,0
837,Frank Schwindel,KC,1B,555000.00,1 (2019),"$555,000 ","$555,000 ",-0.4,0
837,Nick Vincent,SF,RP,555000.00,1 (2019),"$555,000 ","$555,000 ",0.1,44.2
837,Rowdy Tellez,TOR,1B,555000.00,1 (2019),"$555,000 ","$555,000 ",0.1,0
837,Ildemaro Vargas,ARI,SS,555000.00,1 (2019),"$555,000 ","$555,000 ",0,0
837,Ryne Harper,MIN,RP,555000.00,1 (2019),"$555,000 ","$555,000 ",0.9,54.1